frame_id,INDEX_DIP_INDEX_TIP,INDEX_MCP_INDEX_PIP,INDEX_MCP_MIDDLE_MCP,INDEX_PIP_INDEX_DIP,MIDDLE_DIP_MIDDLE_TIP,MIDDLE_MCP_MIDDLE_PIP,MIDDLE_MCP_RING_MCP,MIDDLE_PIP_MIDDLE_DIP,PINKY_DIP_PINKY_TIP,PINKY_MCP_PINKY_PIP,PINKY_PIP_PINKY_DIP,RING_DIP_RING_TIP,RING_MCP_PINKY_MCP,RING_MCP_RING_PIP,RING_PIP_RING_DIP,THUMB_CMC_THUMB_MCP,THUMB_IP_THUMB_TIP,THUMB_MCP_THUMB_IP,WRIST_INDEX_MCP,WRIST_THUMB_CMC,class
0,6.821537683246581,5.165453388543937,2.6548037703483107,37.3495370658652,9.100722016853222,34.091456822216735,26.638590241265124,7.9151165957812255,2.9009411943154912,10.187732431491458,4.011284980056328,5.768587758463075,2.403834086298321,11.957388086214165,5.720389636876475,3.012758481479103,39.14053240052529,2.7562424417253832,3.673465176665488,3.836222021095226,1
1,0.0004883239476483,0.0,0.0,0.0166621282387117,0.0005043725831176,0.0,0.0,0.0164573031252056,0.0161416428546646,0.0,0.0,0.0004727009897124,0.0,0.0,0.016281701614391,0.0,0.0,0.0,0.0,0.0,1
2,4.199022896379905,43.63450612135733,3.271287815363557,84.16986371856899,6.32868219275534,32.182106120558934,21.674563087867995,6.179605186181411,2.1694660106461874,9.721665632653002,4.326565225659833,3.779480904276965,2.3444769105656094,11.919986065743398,5.14670214688193,4.745937285615773,45.2304470556645,4.0093430970429305,67.50063789565004,64.67360303506491,1
3,0.0003824601808607,0.0,0.0,0.0164379758808372,0.0004573634653004,0.0,0.0,0.0161750396392621,0.0158466024128641,0.0,0.0,0.0003882445717199,0.0,0.0,0.0159913447459713,0.0,0.0,0.0,0.0,0.0,1
4,4.7491708040855976,4.323318566864751,2.700421692775685,34.5427888202447,5.651063076047967,33.807422074504025,25.231162979685845,5.806713740799871,2.5900554937218314,8.927738780516377,4.157492244784756,3.4660037519407,2.8038125138766823,12.322595642221543,5.1927904358159065,2.5020805346348816,35.990116136196264,2.524502858175739,1.89610324377228,2.3261801714306016,1
5,139.37115169262773,14.202167485072591,7.548654063456081,13.44632233360327,134.0446840205556,15.17298883973085,5.326934843342789,13.743889780929017,0.0,117.33589120532272,0.0,135.9107220209701,5.501181428158133,119.32112618028869,0.0,5.33398557038141,6.184760809823127,5.505823749702166,8.492101081136664,7.209387604026189,1
6,0.0,139.20383648852575,9.278011502688011,0.0,0.0,17.982727125020368,22.78023121750606,143.09056041580098,25.81035620059877,3.823043139177458,68.40666668307027,2.351875179803129,66.75716857031799,32.48065027117583,5.0289554290329175,11.122892146283846,8.222783477019197,7.733759926281254,27.89979988445993,14.068052071962022,1
7,4.859797536793386,0.0,0.0,86.02525362389748,5.769636654318437,0.0,40.843410382319725,83.96897623655805,5.477479592943376,3.617925004084787,40.15681358559284,5.494847697867956,1.917708641292165,4.704718859502316,41.70616689776759,0.0,4.287432448636079,78.55393934170503,0.0,0.0,1
8,3.47207362694299,42.857961408772056,3.5060951142382786,79.32586746411798,3.3207634707876537,28.736992222212944,17.388034145115142,6.167215664009438,1.7580469779939902,8.029736541991648,5.208657651917795,2.889669370570888,2.0219148914553435,11.351995431894114,6.366901830108247,43.89419930107131,35.77092894457272,45.04267294305658,8.332776563103247,6.534038826340279,1
9,4.303306554224048,6.013337825419941,3.5405653136245774,23.451876826694424,4.101674271667779,39.841722402541805,18.666438765993863,62.99745461966238,3.0945423113658026,7.320074029878421,4.274506271921862,4.789450176015984,1.7968646300291578,9.475562600193328,5.546351513488771,40.204062864823165,2.3713598383737637,38.4884906718904,6.803625414584019,5.210958042004988,1
10,2.9208597086843366,6.892372501434377,19.78724148605885,3.246076989918692,3.1511241099872023,45.06980108249866,1.871898501766932,67.76762395008849,47.20009757433672,3.4827755518216192,2.0627104882254783,2.5250527178573514,1.0118523237684185,6.603904217032433,16.205793752493268,6.641775101516279,3.1726337228158785,5.382328725816725,15.049649858316169,16.7973012333017,1
11,24.98759674944496,5.155468128640269,3.4582790656458395,3.2960095631769306,59.526639049119055,6.231308668440575,20.279099252013133,37.035180034576456,3.0484941584795693,6.197407945093841,3.564618257075505,59.15594896470742,2.553495648595552,60.124267825708586,0.0,3.908691402489637,28.752325753421097,24.082973665480218,1.8137006198936143,3.7107257446975335,1
12,39.78031915961554,5.168635880236939,33.213291181245744,4.390339491079896,76.89566153712985,0.0,68.37006147537795,0.0,0.0,68.88075375078043,0.0,4.541933657215623,2.536610736354282,68.37006147537795,72.14193379289512,7.006656881210471,2.070416918150715,3.2178575956834994,35.93698305777652,30.566897907718037,1
13,37.75969112988748,4.438622471544272,2.672302932606353,2.999244667683568,39.48659615308976,5.203273348415684,42.38079072057023,3.3929476884235448,71.32118698102012,65.27599975924934,0.0,77.73628594748907,65.27599975924934,41.34878551356566,41.34878551356566,2.3125234297474715,79.10358627225837,40.231974068595896,5.658793248318918,3.704953811435333,1
14,3.5968649247280826,56.16711242459491,10.38421662893041,65.01311670117778,63.87165760640482,66.16329504425816,4.597951395899925,0.0,2.203666324217017,4.641452582184984,2.7805240256031167,22.69575849401128,18.70054063402743,21.490774849757376,3.589959202788556,9.881469728689195,6.177225626550382,4.640061126081562,3.0963025230930974,5.308482841363557,1
15,38.17405933395743,5.684513368414911,42.256163722508994,3.782892025628053,3.9514424274491007,40.618117635784365,64.93919797532746,36.52205881629115,3.624149749283703,7.783752933589459,5.462475294482569,77.18141233430434,3.589570517271194,64.93919797532746,0.0,3.318977546525371,10.004570848251962,45.25951774860868,3.751182554763673,3.7315073695392726,1
16,4.822010867655489,5.435576195599168,4.6051150613328895,42.60051175017283,4.93375657993415,36.81136923288254,36.81136923288254,77.35533516532954,0.0,70.04911015765047,0.0,5.312833032643538,70.04911015765047,0.0,74.49931694244496,5.993903003288774,2.2512983178385344,3.291681619085122,37.60882228612451,32.621373206495235,1
17,36.32706429296625,5.409959972181985,42.10368919338831,3.739078768065735,35.53348955229886,40.74892776255363,65.40210536870592,3.758306155255631,70.65522788101649,8.057581304167453,67.1899686017598,74.70957320958559,3.636855660710757,23.41808656943616,43.1437093049232,41.03475489309892,75.13301967960425,0.0,3.9386460534190952,3.762840801010101,1
18,3.1831265747955677,5.826665002156452,33.67984935698477,39.76239043943023,4.31363152248119,71.60106587331809,70.50344365501941,6.592970257735437,0.0,7.496453095458406,69.17971854476261,4.873786450729866,1.8823902970921125,10.353828428565174,6.227369094092333,6.381208287618402,2.412948437237314,3.4426139740202992,35.520824417590944,30.412398373855776,1
19,5.306326719821758,22.68653681054714,11.062908861607813,64.28953931701629,6.261422904992695,124.6833876861527,124.6833876861527,74.49046664813032,35.58915824074557,4.043669569023813,2.5330728019459023,73.50706944086134,34.961989468450035,35.371259799229115,35.371259799229115,124.50591522575732,59.33915876786917,137.44725054755898,131.21426304963956,124.50591522575732,1
20,3.9347759750520033,0.0,33.935105555919,62.4499414498262,63.379954573474976,5.773160117113624,1.945566408971594,32.10028956636149,32.18017958438272,3.728033377206916,2.0236652915279905,29.865744035295883,0.8339813571001121,4.992379310775645,2.872562059587252,11.449947126715672,4.784255855021404,58.12627777147439,111.24907598345996,14.715110877972895,1
21,3.429941254871169,5.958717408399513,3.74282992816286,28.542770882966185,2.38988868386685,28.31057512794848,21.695100373775333,4.255573694899784,1.974122610699674,6.590711495963905,3.2215807046627214,2.154234106738369,2.366198850877203,11.078012725791442,3.962613495781408,3.610676459343518,3.951259345174147,27.13651202124152,28.004629357826197,23.92422437948351,1
22,1.9633357019600328,5.901960190887166,4.092618517489456,27.037944686219905,1.8753901922225664,26.474477596519318,23.126519185730263,3.848955549184929,1.7780373427958205,5.570247410245555,3.6306383820178936,1.995963059332627,1.8419382834166784,8.97743722610055,3.7691585681201567,4.45300026678985,2.8978383705086053,3.338813937148974,27.713997831083454,23.86837268582265,1
23,4.27753921858837,37.12042292452952,37.12042292452952,68.4485012528057,4.319906423620742,68.4872869223847,59.10510702256902,5.645315608965606,3.096295845560902,7.356296646686874,4.956550992680269,4.443818232782319,1.618952292462597,10.50190010789658,6.032959611801068,4.67061864466734,36.405231370551824,3.0494750487890814,21.726729166312385,18.70602001593679,1
24,2.8893424436233506,8.543984636277367,3.203501258451141,5.24684641483792,4.051864311511752,10.2081076324194,62.08180989420266,4.966897894551161,2.6500975269062104,35.41608050476776,66.09637529482491,3.087117130776219,35.41608050476776,0.0,73.20607406216115,5.168710365582448,4.814956581069758,5.159240147310822,24.116798014962864,20.34907988716078,1
25,71.08115529380666,5.917156827343784,2.79267680485578,41.27282121360148,3.875030046790569,6.565865857461159,19.694095643166325,26.80612830940754,2.8127954325315168,6.683516282431448,4.426814632890093,3.959156635959927,2.140151613725461,62.22605166506062,66.69650507092312,12.652715033451924,2.3129495029651443,19.786261881177435,6.867000777099975,3.516229133376166,1
26,3.691770363880505,115.70732948585828,115.70732948585828,78.08202749640559,4.743794856002193,0.0,37.968316515944494,73.70186935878903,29.47976927478089,4.45986725886546,2.602933244351767,73.56122772338526,1.2957635598022286,5.94443848606033,40.30729530639541,11.589363157992697,122.05518341919802,10.764725214543368,115.70732948585828,113.64599630073133,1
27,77.44506505142444,0.0,39.715145172115776,77.44506505142444,6.197567286289668,39.715145172115776,1.131837986633805,74.62714245804848,41.19651721821297,4.1172701327313925,2.218744700512832,3.837581305773381,0.3401282476507961,5.694829991071829,31.24058393312791,8.40135603451359,120.00136979306195,9.83613482278003,112.01773311319786,5.335375004099584,1
28,4.745828647995943,4.871441379862326,35.45200879073461,29.171992002288032,0.0,0.0,58.10593777811005,0.0,5.167146557356998,7.835752061947702,4.549649185741418,4.818807944671439,1.999249888868911,10.003095620759243,8.026308788015566,3.947757547747672,2.6779062931367013,2.34635800864891,21.496894156541167,18.96843888127839,1
29,4.342337518527323,74.75809907068341,0.0,6.354874772270527,4.358957682285372,0.0,38.16996324058904,76.2097842936112,33.05734966118379,4.127547605076337,2.520706716405193,4.039395580982594,1.08202220074899,5.6730190692249165,34.15067461169579,11.525410211540176,123.981229266182,10.738983814582753,0.0,114.1682145595783,1
30,4.519667610983662,5.602764275862158,2.7209503693366157,31.808007540881807,67.68349013310345,5.2467067202299225,2.1641020816948324,39.73589898741695,2.4542611763180195,0.0,64.4268712437223,66.5701050810022,41.868097098841005,41.868097098841005,0.0,6.104802290757806,10.127972811875573,55.107495510972015,1.0188357512144264,74.2803844711863,1
31,2.2493605834520487,17.280522780294255,8.899956497044345,4.401169939293868,2.858128249687273,6.487727177602968,1.7407908072888223,22.056148848769865,3.9027684888191,6.698490956717504,1.971216483452489,22.03209406443201,1.2712124930642963,7.263376176692216,4.594577752008874,64.68883418939994,74.3185139283324,64.68883418939994,74.54271818164247,130.80408420937175,1
32,3.082648630871002,61.32904496447635,13.842234524304056,76.45387656966682,3.333617752752188,47.82857690501751,2.381600329156168,71.9662368497562,24.962263234843327,4.963182075214288,4.443233085470836,2.7617861660699785,1.1716398392387286,5.995667577282479,27.82972714312402,0.0,74.2124888514773,74.2124888514773,71.75877257227212,132.33902127254137,1
33,5.071769600303471,0.0,0.0,77.34288913638395,79.56681149013049,0.0,48.25169922865009,0.0,0.0,6.081650778089835,42.02117722438052,0.0,2.2858335597299573,48.25169922865009,0.0,9.679399182943897,75.62627562714319,137.8827113329369,129.5877181771197,12.127067333124376,1
34,33.332402954725424,3.2529227101933595,34.06691170117468,2.6586073991376087,82.61296855894393,0.0,80.19144855946459,0.0,0.0,81.2069533482321,0.0,83.37566675594007,3.751692318164684,80.19144855946459,0.0,1.5573114547400877,0.8488101852496432,0.3527075680412505,34.06691170117468,33.17990774696361,1
35,0.0,2.717853710449762,4.493078402157541,32.84701527047964,0.0,36.94708000463833,36.94708000463833,0.0,0.0,81.3508975060666,0.0,0.0,81.3508975060666,0.0,0.0,1.0651683081063898,0.9045775890024904,0.4939919749925641,2.992654629108069,3.5526134922459804,1
36,74.16436203004736,105.97517458934718,19.38837251426837,0.0,70.86619412374108,87.03503475020807,4.632369286000641,0.0,36.61072112223989,4.381444371812396,2.5958419573270897,37.698358712507925,51.44776603149291,53.22715044534068,3.286308562172195,0.0,0.0,0.0,19.349370289760632,87.0903108885256,1
37,0.0,105.33782327745575,21.717820359092222,0.0,0.0,52.115876901225775,4.676580907483317,32.71941470545229,1.429854142756956,48.53472906594944,2.210725251715726,32.043449680530465,4.844865628805584,50.3770479176673,3.151557404988556,0.0,0.0,0.0,19.30802174608099,86.35485939829823,1
38,1.849633737119262,30.125874743576368,4.8010614574623744,2.669603265857293,0.0,4.9682416825156,4.194895939317054,64.13668507951856,2.321134083342717,4.310430435187504,3.296903248269615,63.85630366322535,3.460378869539608,5.128639038414819,4.348708738382327,1.9356500912652288,1.826128354731653,1.721981180506153,66.52986222565926,36.74324624775547,1
39,0.0,85.216948295281,4.114815183108499,0.0,68.98397949312965,50.11338488115761,3.269637410936295,33.42724559194553,33.454431453861844,4.50198114571992,2.219023575229369,0.0,46.68299166296401,48.66933380074659,33.23588226502466,106.14026167775694,0.0,0.0,0.3683152359021199,21.134006494247345,1
40,2.4702561599500967,112.30245860525388,112.30245860525388,35.31377640406904,30.796941786151454,33.71508252185322,65.70136300285262,4.418769931263972,1.6407513709452224,31.069888712504035,2.891931897280159,1.947821809869538,4.244539681037842,33.007996812960684,3.980404574114025,0.0,36.28929956495188,0.0,112.30245860525388,0.0,1
41,3.3161660484604965,43.42038822441889,3.3912855918395683,78.54891795734308,3.1008420044992424,29.107568717769755,18.30169890768197,5.631930308072983,2.091238289197172,8.277665410812219,4.994200920085543,2.445748452788536,1.9724118723258688,11.32039175215356,5.854952310137414,3.7765416683328272,45.77243120422807,3.5732194159960464,5.797037706108026,5.274457408415535,1
42,24.53005793182711,4.977525749335904,3.32800925905815,3.350050376050889,21.99907767656488,6.038904124562302,20.33454446408288,3.592341709275283,2.9316864197798687,6.136425635469106,3.733912430787192,59.088853048778944,2.6930835415567547,60.31287661826737,0.0,3.5749615330765163,63.26536415363404,23.73678094329813,1.715401318644761,3.476895249312705,1
43,137.93425919992904,11.94376906198204,8.58846589703703,11.72669241273847,10.391132832652964,11.034094493112445,6.570052812088568,12.716727521508403,0.0,0.0,0.0,0.0,119.64849056195534,119.64849056195534,0.0,8.3693376200749,6.7457807572076325,6.9061309608719,126.47916019640708,126.01228451407714,1
44,70.14622340948114,7.630861379715808,20.908661461362417,4.292983748598384,69.82496714511691,45.11896067275967,2.100154105201641,69.82496714511691,48.490602594210586,4.828208911707039,1.8149845628098569,3.941983861585311,0.905349438276039,6.796547855148879,18.697951537499023,6.989552182791033,3.736555711570481,5.677921587615274,14.999090718011535,16.934495265295574,1
45,3.098954213025181,81.22761401044997,0.0,2.894650926135105,0.0,0.0,38.51979615883541,0.0,1.620031294278712,4.406948037557555,1.4723757876319188,2.12847407155859,1.865475606892793,7.044762397891759,1.1289348675198108,5.718532002100713,81.50474143321107,115.65077877373793,0.0,117.61067468965749,1
46,71.65774349622734,3.619551413905037,37.08188447472171,36.95004193147475,3.7717561312386816,0.0,62.101587300219,72.16914863090031,2.2029035474513,7.067534790251702,4.444921228401316,3.102527833426022,3.125188409660149,9.924146316636367,6.002443463955228,1.762094966178151,35.40016472144017,2.084748056172577,1.6759242576935005,2.299540034100328,1
47,0.000437964667076,0.0,0.0,0.0165849489748296,0.0005063409815614,0.0,0.0,0.0163665606575138,0.0159913204998269,0.0,0.0,0.0004188099097263,0.0,0.0,0.0161588135863013,0.0,0.0,0.0,0.0,0.0,1
48,85.71193676926353,0.0,38.38880098525764,85.71193676926353,2.0161979576249585,36.0588888273342,5.615908082793209,4.515518127095733,1.5622372994944134,0.8262208633317238,0.5441677912509582,0.0,2.293640111256678,3.691536058025217,46.3458928063122,75.81651057703601,2.763808005548062,2.1850821921012336,45.26220523412477,45.26220523412477,2
49,39.71914796594856,3.931123760958664,37.13506887227055,2.6253882901997594,68.08237665212678,73.62634273052063,2.9596520291859605,0.0,1.8976491100314068,7.071382105505407,4.29562156435337,1.888500623181115,2.8755699755102944,74.578011264328,69.99756131267854,31.029465000620355,2.127945176198712,3.80027042807607,37.48773703393611,73.95772131041085,2
50,3.4732451655257948,4.08366545727087,3.643743913236492,23.91055321868493,66.65569593284415,21.66784356778803,26.32791539220708,1.2206773038697194,1.998419619929277,73.19919524626188,2.7876320766618203,67.61267291883999,72.73677080017858,10.673509151437562,1.7657118562266192,4.594667196665811,4.370881730510221,23.35861914607016,30.191518697191093,28.78047424094914,2
51,71.29422227249142,34.16772550366365,35.28543271179437,4.652143831328864,3.3158978379012534,70.69424806615287,35.75617535552539,35.730014811582805,141.73703181418747,0.0,141.73703181418747,37.46806153452548,35.75617535552539,38.42111452325489,74.061697899653,3.2262325516511177,3.091789982368953,1.958728323682198,25.588634275246147,16.706959458641784,2
52,1.2436588871153844,2.696753960840551,21.634039695960443,2.2724644792261297,1.4459721873920035,19.69510151350253,2.5524860339662,3.5403276490832982,0.4890010161078154,2.620214080954688,1.3752424111096118,1.2089885842391648,1.5698808858997633,4.901121143279271,15.640789747102207,59.90880993029922,1.6403692368305918,1.4177339591988567,61.978544062450936,0.0,2
53,0.0003830298218166,0.0161128100105428,0.0,0.0005405509778848,0.000423385361566,0.0162108864829276,0.0,0.0006079531912343,0.0003386270104774,0.0161579799578107,0.0004327746880449,0.0003821548721688,0.0,0.0162094393747586,0.0005396895342338,0.0,0.0155398831850096,0.0,0.0,0.0,2
54,0.0003489220666121,0.0160430050824772,0.0,0.0005692324404451,0.0003887342523193,0.016107905629041,0.0,0.0006026922238193,0.0003027612134683,0.0160576233080002,0.0004620426051845,0.0003414441136806,0.0,0.0161073027923728,0.000540293056324,0.0,0.0156500883424159,0.0,0.0,0.0,2
55,58.30164713741844,60.1238464895156,28.15101906878439,0.0,7.659650137847168,4.692133968962712,2.485278496058536,0.8707792000410839,1.9922488701191263,3.357848619513088,31.399868502930985,1.2606527577987872,2.420557367340772,32.12350076831278,31.540473983489072,30.656673880424584,4.618400220905862,3.33344837358197,28.81839876898972,6.440085261977144,2
56,0.0,33.677094209490086,37.61084657401852,70.10269918581947,2.616924972622467,5.418236540961854,74.30710439684286,36.91693619223653,146.3411871201087,0.0,146.3411871201087,28.098080564446946,0.0,77.87965962701622,6.170655963519665,3.5378241359161686,2.467391266938794,4.761491977669349,25.77313917272698,18.05464951587208,2
57,7.517793288651803,3.6355998796607127,4.26926275480186,4.422518656038622,5.741242633355646,37.44541089232125,4.643246310284655,3.903477144349649,1.440080940792045,29.65997066444981,0.4578791021313695,1.0868086265024943,4.610688939800244,31.63000938206959,0.9052861987809904,30.944494771722912,22.54160086410714,3.6302298238839863,29.949163455120363,6.133139614657785,2
58,2.651873711360257,3.17412769574301,42.71857134017944,2.650828794062687,25.87442237284946,68.19483971533612,78.11579858648741,0.9339960461830922,0.0,0.0,0.0,40.07012061308991,78.11579858648741,13.083423196357929,70.0970869101648,4.694586471997654,4.627970016862594,25.45357166105164,42.71857134017944,44.27597357435632,2
59,2.094870281530888,2.1758070341646047,4.419823376451287,2.8541957448050788,2.873338109069221,31.549457415383557,4.336572451941692,3.608525562378503,1.3223341133476298,29.792660809738376,0.066239648991999,1.1321412600582828,4.264376539467444,29.918551063838606,0.3009943969563772,34.47346198612996,13.247748806238144,4.020146462764613,27.32319183557505,8.719275236461757,2
60,2.977682579947419,2.2222862920004687,4.444129845074246,24.83206326972584,1.107816370907212,28.304394167952186,6.171384268713327,1.1084912905603648,1.488736227910121,15.677093527536082,0.5157317819212255,1.7208016751733348,4.648368836954371,36.36044127619047,0.1446906469940121,2.5517402220988505,6.2283731208723845,1.8510738677927112,18.18709804372485,9.174668274588155,2
61,0.0,0.0,92.13446094999328,0.0,5.245347265067738,92.13446094999328,5.3232886892677325,79.3993863418936,0.3344671998418242,93.22949092426524,44.033047460179056,0.0,4.7434654983066,49.6069506450225,44.198416568854384,91.1301146364874,0.0,0.0,93.2992185788541,8.168754764935725,2
62,65.67734814405516,3.642927784947139,6.656049436482793,2.5915522324874067,0.0,33.91501868152788,34.87821487090597,40.990596585211534,76.90332131971198,1.8998784598206169,0.8647217552556818,1.9572522855566843,1.992055063144573,5.1953061489880135,2.895154472491102,65.73399004228342,2.388389760375748,3.825129728737414,31.241816882457258,38.85876312682655,2
63,69.8742591562069,2.7337254239162445,7.379893109565145,1.7282372684772644,60.482623259433055,39.25760109158555,7.134283528451975,38.450269008010885,35.47566234694627,36.81411921747414,1.9571377088711952,1.4534710603985204,71.4833177057841,38.74779068408768,3.1427572921683677,38.583135722214415,62.10235415134066,62.10235415134066,38.17168463510319,5.319668091863011,2
64,3.5709456159891344,2.2964908071836256,5.457532246571484,2.9315319790793315,62.16690204090251,73.58686602447303,73.58686602447303,0.0,3.01608778482736,2.3064038359494545,0.7439743612483105,38.81900940172788,40.15332595818023,36.70141974018015,3.600258899231291,0.0,4.257763353176066,66.79692905422124,36.083759115740406,38.83446513933379,2
65,28.537970274648867,60.8953816716494,4.742440217886394,31.410766348777976,0.9614806859915052,30.00154000383014,5.461107717461638,1.5398127811478102,0.0,55.27029464973389,0.0,28.47752072069605,9.657989207621297,36.4364559650307,28.391790611920094,2.7412825712943194,28.15604520391292,2.02176148065233,26.771958222700917,3.254139522619319,2
66,5.0703545220662445,8.162833650842316,5.481039471665448,6.471861818617455,78.31184733205409,45.58665456704019,39.45624825757644,32.309474806530986,0.817307447813592,4.6083309971242326,1.6031400409687289,0.0,1.9748052136222491,37.9953525546795,0.0,7.018065092552614,7.924628051011859,6.08080599428823,77.37890637694339,76.50928015590863,2
67,0.0,90.06530613920619,3.877034743556644,0.0,0.0,89.21946437627135,3.9930508722164686,0.0,1.4084028648878848,50.24055183829774,2.5384537785511108,0.0,4.114536199434532,54.82033428009563,36.7299358967167,5.46534841262911,0.0,85.81931723694348,5.933434311549881,5.535952218892311,2
68,42.11060937977808,38.81708377988793,8.770675865641596,3.391288526068301,63.6420039059698,90.84093058205968,53.83691040746454,63.6420039059698,4.746506764905111,7.746934526951353,6.295952760191985,0.0,6.466125670977049,144.44913661916237,0.0,1.9815746853671277,129.97281038484954,45.21183421005298,5.883025008998832,41.52311230429394,2
69,0.6984436588497438,86.07380888133653,5.630872415768808,37.62537585568354,0.0,88.37176438992026,88.37176438992026,0.0,3.5428963293007745,148.06845678513747,3.3654245561758245,2.7315367035164506,0.0,0.0,57.42823415451546,1.7815126224738824,35.72377394980765,1.80571763191228,86.07380888133653,37.7498036585871,2
70,36.093886607555966,3.3066836966602184,5.326103490958712,74.57489655055944,0.0,43.0522525896626,77.21992552009883,34.67965630676735,3.3620798126407685,8.014886047665419,3.849469565672436,0.0,145.55972104762617,0.0,0.0,1.876199178394966,33.51327330014918,1.441782101395694,76.81352101431173,34.53795028232031,2
71,0.7257067955086518,4.9405916974831685,7.559682029649618,2.5044898578422155,1.4839974975084091,43.64826373046978,9.19761095862645,66.01943277424968,2.4677582924981034,10.534342965906642,1.5772376341618173,0.72766513610287,65.75892462453938,52.3211572249916,67.86695285107956,6.097773324109726,28.991142476144304,3.26827540545268,17.253656711144554,14.374499381716014,2
72,2.9612289117471704,6.379180050800397,25.2825196918748,4.068270913406565,25.600678517709586,24.705235567576054,2.2656740461427733,0.1812523502015836,2.0440854129222106,10.740105550899065,15.16480098580766,22.269363966588863,1.730026015933462,24.731057249830496,0.7609990082321713,14.888433007548551,2.769786474524501,4.15534002152472,24.649357965140897,10.413569789834575,2
73,3.2440201731422014,3.078816128952708,3.5637018664274698,1.9226682335471497,1.446127095477108,39.61919276457245,39.61919276457245,65.34445197494514,111.85280937533317,11.06150247851891,111.72118994544,0.2745848932163124,115.22894784341467,67.16651146155623,1.9800107843445576,7.895616130716262,35.91013024730486,3.0365416633978217,19.416848863345496,12.160425743565808,2
74,2.0721034120634263,4.465581449641952,7.162853742670299,3.5795924962133663,0.0,64.98920309220561,7.016970341564847,0.0,0.4442076619444866,21.775868204522503,2.8662306420837487,29.74064474643734,19.72542101406288,43.25730046610284,3.944874534706537,56.818210187494365,56.659369648175975,1.099348526345188,32.514815124302686,27.93905822177435,2
75,3.501520302294444,6.876957697264582,26.700174198755576,4.609828199710607,29.916180264561515,26.44776911107684,2.401975440426095,0.1265455776093811,2.03245803053705,3.201168203406365,25.094503982129797,23.50034077832053,1.743684921763454,26.333549751506663,1.039935979013325,5.006488186931289,3.116850911666268,3.6207439527822447,26.0993507904604,26.58601460993008,2
76,2.114991999417317,3.735336167451079,6.643302179656152,2.5700843325153047,3.446541393190753,39.28342928452766,6.395110934139094,29.567897042431568,1.4463246974014796,21.358629361547788,2.51942291620635,1.3924820226948298,16.07275675014792,38.98817444626638,3.345948474748257,57.72167782765757,2.16584428775888,2.2226407237424595,27.91021741821026,32.82174861027658,2
77,4.291914229517015,3.4872308497424704,6.543595631187469,3.7049169905371793,0.0,48.83970420319135,6.631928190027622,18.516229768041025,120.29013322298756,27.114207687039183,27.114207687039183,1.1075377715119683,69.58758509589558,46.36300710415793,3.3298268993455524,59.20759169927021,58.458883263718896,1.2293655408028985,43.20358907376576,25.457298052151614,2
78,0.0,1.6069206781576288,5.56602924578439,47.79142920317523,0.0,13.840012503524507,18.901614461216997,39.4832983565788,110.97591738555808,0.0,0.0,3.162632427153256,71.18991050316266,11.274988069987687,3.994214432043415,9.166663342892594,37.29375624081495,2.692453244153757,47.68212565246772,46.22573780418907,2
79,15.132397499138014,1.2790291713403952,5.16248713797996,0.723545878091584,0.0,13.85319632779499,17.312652109105166,39.70010459730109,110.83552151394127,0.0,0.0,2.9520326469312144,69.90457877047936,9.878062286817013,4.075145988490271,3.253551776421527,38.0533440579934,2.505372205875328,48.34107453494906,40.44217064480161,2
80,2.717436902182978,20.65368644031325,4.322941177071935,2.65168538645991,0.0,15.471926704324323,49.2343766243803,34.47280757179533,0.0,0.0,0.0,3.796987005611896,0.0,65.5191929704404,5.940397429156123,3.097716161762597,1.9658296080426332,2.0465595243924946,4.434039162208657,14.568676280372603,2
81,57.34537293013366,0.0,36.58098724037176,0.0,34.582906532640216,36.58098724037176,2.321373146051932,0.0,110.01133181351976,3.749597064544978,35.988684877679034,2.283606060544812,1.819005692663154,36.9572065604948,37.651486598602204,0.0,33.515677126615,0.0,45.88122011396396,45.88122011396396,2
82,59.033636244574936,0.0,38.64885394674842,0.0,0.8807270868270519,5.4856906268514205,2.522380501053705,1.7888489843062798,76.71781905975942,5.850490295389262,3.2173261929421124,3.146046794713475,3.8652503897466417,5.2826993787557806,2.381878448106593,0.0,34.79547145453154,34.79547145453154,0.0,0.0,2
83,0.0,37.196408956700765,133.9055771448195,37.196408956700765,0.950657439799551,133.9055771448195,9.09409986201865,36.880723849242905,0.0,15.68678990913797,138.7847761920508,0.0,5.647574768407342,138.26622026098724,0.0,14.164266706926904,27.29613245551524,3.473054376016004,141.44011414865793,91.29380924958392,2
84,58.905255587371656,0.0,37.001250017514856,0.0,0.6193673865775785,5.433446179981413,2.5433792101940216,1.4328335582935738,33.982829874380506,36.42843852160348,3.1818867269615407,3.324821486638472,37.873940529513774,5.23690884310907,2.194849521359445,0.0,30.505970475461403,33.247657577643544,57.94370223709157,57.94370223709157,2
85,35.24820024265456,37.60859793865853,139.75259823437997,3.55225178794545,0.0,139.75259823437997,139.75259823437997,0.0,0.0,0.0,0.0,0.0,0.0,134.6170852400205,134.6170852400205,37.38830199582255,38.0693663369939,3.5731949954476776,0.0,0.0,2
86,35.567288499069164,10.223717403682803,8.31384880658725,2.5801774478502857,32.406084739851266,19.51100357899832,52.78615821399836,2.537166231946108,3.603336445009774,17.11427517201618,6.6982779478328505,0.0,137.17267852012145,0.0,0.0,17.230978904416965,27.11806745225802,3.863630098203756,45.19938236518591,53.13495364849593,2
87,30.753762009454796,48.85261153320728,4.929604188892807,27.431902542111548,0.0,77.10826392866946,4.529259017390308,0.0,1.1358526847932424,8.848557795996195,3.323420501170541,73.83832051733513,3.927806902025241,78.88096890487243,0.0,3.1888901567965875,2.2787956630130424,2.8084952032497235,3.904398661390824,47.5592078752306,2
88,0.0,74.6243206995631,6.325227984343866,0.0,21.477415799567503,52.62361054109588,47.471968041140514,2.0096929351183763,0.0,4.360122676314439,1.1683610987793145,0.0825341444366131,2.108548271852142,5.213775253929477,2.417883906989362,3.4078261334882445,72.92977443184608,22.074776932307437,47.86231129536763,3.4440875750063693,2
89,46.23406410110573,2.947901035873933,36.63467402184263,2.2615921628044315,1.5689716203389512,33.41198821756785,0.0,0.2749458070253796,2.4453423126004394,113.33393556520888,108.30896654661376,0.0,113.33393556520888,0.0,0.0,3.3459922048012123,32.294231774407365,3.931267361089548,36.63467402184263,36.57928785631684,2
90,0.0,75.89886675186524,7.188343950136994,0.0,18.892814234325726,53.95717150262297,48.687473171344166,2.613662804515793,0.6040701444249639,4.035100245784355,1.3119607099229058,0.0,1.9002521881895849,5.000043771054388,23.393037818133195,0.0,6.276012240962057,76.22331748879657,50.99830142885128,25.379564506703183,2
91,34.54163106662594,2.6992757059754684,36.86649112485216,2.4237764558730794,1.2005576102830782,32.58008930470359,0.0,0.2369852985976937,2.138424238449621,9.620015573803476,4.463419170769641,0.0,114.00994860527489,0.0,0.0,2.10755643785104,19.041362543691317,53.29465209359452,36.86649112485216,35.70531544060731,2
92,44.4363510042708,3.420594858569111,37.24092908608112,2.7948713215191443,1.134098874125152,34.04361210587695,0.0,0.4923806470752161,2.875589517460845,9.48867461049329,4.981344099473825,0.0,110.92741009882585,106.42399396620635,106.42399396620635,2.153098739850892,22.14329122743891,47.72027959484844,2.7015833063483936,3.3641914766869188,2
93,3.5945997969361354,7.50919257522645,27.61528734721177,5.121275165330583,2.1053652961744844,36.502042901341696,2.414294002233526,32.98748954988297,2.3997458128167803,2.9338016017166986,26.507586474632184,25.17954346854297,1.8730272343365932,26.456512608551293,1.5613852620308022,0.0,60.804492231362,0.0,23.33494645349907,41.8484893627295,2
94,28.908943225360883,4.254559499483676,9.506478435167256,2.75625471178056,0.0,43.64930587809258,43.64930587809258,0.0,0.0,118.59389992261052,0.0,0.0,118.59389992261052,112.75338574689351,112.75338574689351,3.430452599741685,5.665527369535027,32.28860213369165,15.938040028493711,15.535904583425433,2
95,1.715027625874463,14.457355647311978,3.885852158058498,3.234549198013982,1.3990668193560782,17.709454281591736,1.5113354889289266,2.9022925083038587,0.0,1.273830959758604,39.382824921061705,1.376305656211627,0.7406449386591544,17.950116540813845,2.6422191580348064,58.20341232018866,1.861334599876168,1.501018593564043,5.822736806553315,37.36667209675689,2
96,31.504066040340906,2.683737368857205,4.975768396838274,61.50150505022162,0.7954733219452111,30.790493579659916,5.235795100379651,0.8844169707873575,46.97567882406054,63.38267269912732,0.0,31.37594416202902,4.576059921915363,37.05043658937925,28.21273760239876,2.4449952842818106,33.130728432880815,1.867052963371713,26.963963580649253,3.134641808902176,2
97,33.99930367710907,4.777480338230743,35.871540031973964,1.2264925364102457,1.3240118230573596,54.17500722396306,0.0,2.1162307708292696,2.877315177890362,116.35266333901752,1.9232636612540377,1.3322188276423084,0.0,57.38494041117291,3.5030870545357997,8.127909489448058,16.13046924044054,3.8205397012523,35.871540031973964,40.65498266388944,2
98,0.0,5.135246577258988,4.996797151310285,62.56093727648266,0.0,30.22425888947416,65.29379315907924,36.26408060332915,2.0926970650447942,31.011885060583765,1.6020003997632064,0.5020462649424335,0.0,31.010613532980987,1.1776551825569146,31.52005541726976,4.811263047582622,5.34901793832099,31.937965989625628,5.861316529435936,2
99,0.0003220287403547,0.0156938777397585,0.0155456346199354,0.0005481338584282,0.0002924643664895,0.0010481473943574,0.0155456346199354,0.0005078661894135,0.000239983265535,0.0161363224853401,0.0004075647344351,0.0002762782566516,0.0,0.0161067331018948,0.0004243480274493,0.0,0.0152420341415841,0.0,0.0,0.0,2
100,24.94091606927964,3.9675969366366615,41.23906296265547,3.323166445148793,26.173730727000795,67.94334783361028,77.39575262086825,1.5123297472654644,0.0,114.34123508626028,0.0,40.76256625431473,37.22797674886229,13.00749196084023,69.84111982229348,4.572240221519454,66.91710908273755,40.41428468723907,41.23906296265547,42.624782727040746,2
101,0.0003484314525985,0.0160108654134943,0.0,0.0005789345980104,0.0004279257541897,0.0160749001118452,0.0,0.0006106283500527,0.000284598560731,0.0160076686302687,0.0004317467591311,0.0003463079871909,0.0,0.0160573268832584,0.0005164793722564,0.0,0.0155786129342005,0.0,0.0,0.0,2
102,78.70340531202211,0.0,0.0,0.0,2.751213253039156,0.0,37.54709439127393,67.46797014336062,25.277470773487515,3.255313145455506,2.848006266392726,2.492351334936334,1.24033807642988,4.711265048848413,26.24812586354639,0.0,3.343856981534906,73.537880495756,0.0,0.0,2
103,2.718809181204913,8.378873518589971,33.33976225796972,4.022583587598909,7.746949499884395,5.283633515401666,2.731527440839215,36.53046984919812,0.0,26.49061440110674,69.39029243971373,40.39083954922523,2.1117421619053194,30.270769674450644,71.97631025891053,6.298135915383633,33.663558526837164,5.30126352013076,31.20189605688032,33.181024258164506,3
104,57.3987227603256,5.107167634144466,2.7395618221167406,40.03937102666378,18.54479590168032,40.5978299982502,3.504294725945985,39.18338582735712,39.00496065456652,5.131882732665294,57.2025404276761,1.1098105668343092,15.125284330879907,14.624867471183324,18.17792856238207,15.397304396172435,17.857805718920993,5.15242980623025,10.298829747017308,5.458979180188513,3
105,5.372341762017036,66.8012223867424,8.255613998636218,6.996302603189076,5.0748780521851815,63.054419486365134,138.44801899460754,4.396184816789381,2.5852643016599592,43.32588847649895,3.2490006498164528,2.38294123109572,0.0,42.95703449178223,5.208477063349326,140.03618888878609,74.86565229554671,74.86565229554671,24.51852752749157,13.396198302005107,3
106,3.6210044582952974,38.9727653266959,2.762721335069204,58.0307249528118,18.88876035394017,6.571224337216728,2.7237236823547977,3.615101560035357,4.745726341405733,5.80446875876005,13.985592509228065,1.0289153408501854,16.96361713001176,16.159165272528295,18.3451285169378,15.240059971232393,19.9813772005613,4.708700320511499,10.803980545912465,5.048688950878271,3
107,2.065871683829376,8.393141525266202,32.28224050932765,3.904333317766708,4.8026764087925295,27.89104778103476,2.647805573543387,6.227084751198656,56.45387728607816,17.85568542974464,1.1300026071138545,1.1530973888030445,2.3862875931880563,38.37308026268632,38.661480564909,9.929535738082356,65.26683884322715,6.403398127032267,29.273537950569363,35.4770554758291,3
108,2.145793412974622,27.25605328410937,24.2702330384658,2.5940194325296857,4.0759547262268985,6.249176243885988,2.6723898056237263,35.60521207951785,1.525776196418163,69.3572476117288,0.9844686545845992,1.5613334591258694,66.89628723468857,6.048639521979974,0.9472504199883022,121.50964991126698,3.0737154340171458,42.05081151876588,55.74550229643616,9.9766814680159,3
109,1.8888640273406192,44.13765577942692,0.0,3.07054401039604,29.27257210927092,42.05360832380335,75.38629482590918,4.051028015138824,1.8373954872488325,27.622896824579428,2.885265606014364,1.370126065175092,3.3466109624299274,32.563036255876135,2.929908571050315,61.34159985379999,4.184039791337802,16.31430229393345,118.0129362716558,118.0129362716558,3
110,2.407226971062219,41.3169760055466,0.0,3.6321976003913945,2.512975670478411,40.82713326766552,74.74171420484413,4.517924495393108,1.2763484367583433,72.49309726477273,42.54226107223883,1.474412111239103,3.714482200559346,33.147106558702426,2.811102959554526,4.013856855592595,3.0549512157180336,13.465435901295605,117.09097308979943,59.693758118916286,3
111,1.9190117201322,7.847686653722167,33.32760476929072,3.025303919576172,7.094990934144653,5.051497656712551,2.7685567349077123,36.61878205996156,25.118659084951013,27.11847400336172,1.3713223479864718,1.5151869643776592,2.0627954464049183,31.083259413188184,31.773571088849696,6.444232709977888,33.3652660431643,5.354353928427929,31.380272443585127,33.77086463862924,3
112,0.0,8.144441228666825,30.88504691546069,61.63520704325426,3.5045511225483224,36.460973180275495,2.6753965585854846,61.77106075954952,56.12185612022815,17.737197728453786,1.453618726206276,0.0,2.348548751293335,19.60540991688663,56.37301402169284,66.7897104580166,2.8647202952747923,30.232139946132342,27.15776799166625,42.28161923178466,3
113,1.3736098584306713,14.881884670753598,10.98865749611926,2.007639448383986,1.9977460314140785,6.470300637844163,41.94596404284034,3.065861377147806,1.4648662678346862,69.76882831402821,1.041999954281252,1.5874071191108892,110.31673483600648,38.88709172236424,1.09685702426633,57.621144760812506,2.661872156366075,18.11178106010239,68.55702032693642,119.78853503305726,3
114,34.323635180373664,63.54335792574793,134.79884739500224,72.33336517470873,5.436074863304189,0.0,0.0,66.02342425771579,1.623308988649443,80.76116250845955,1.582845304575007,1.290097793210384,120.47293613665772,38.327619936464,1.0763182680584642,134.22579884624037,3.673186123232449,39.48489902346979,21.64371504346423,13.487381918667792,3
115,5.66679981623711,44.01720126029991,1.8540100704445703,6.62794666388227,82.3010378870289,4.804429742541797,3.078271158989535,33.3709918984892,1.36318460794176,4.309303313961026,1.1776039471004034,33.26382491106153,1.0113772246679382,4.872224151246842,1.3771121981513756,64.37855390313783,33.243562530004944,0.0,8.063262261385109,27.03465079025904,3
116,41.32385186262341,41.09109226736396,2.8676401352835783,41.32385186262341,72.12708559077629,6.725037320527584,2.615961578303509,40.97684937477132,42.00812227397182,7.336273984537614,63.12555284269102,66.44771326728505,21.53654667126697,23.441835447277622,3.447798988932965,68.00647855586807,23.984616965731917,27.223441715007883,8.773055766127671,44.5448515343368,3
117,5.332112456702073,34.26049686441519,1.900147911637563,77.35943490237732,78.89363463345197,4.668967735238455,3.19060277666025,33.05349905632466,1.3343933919197744,4.42183200129572,1.3127010898749487,74.77914422823474,0.7903093736340022,5.171896725883268,32.87341642629335,64.08582180838064,43.453156192307766,76.3524630138569,7.166543655412948,27.18572365273412,3
118,1.4336597476132606,7.361884054036046,28.404929653209432,26.784868692484824,74.25386668664022,6.48682262016636,2.6047867079337084,42.53489510704572,1.8182593453045055,6.806896881877414,20.942770288987333,44.71842489526355,21.74819353947989,24.790670502420152,65.27232022023158,72.58378265660774,24.514243247692484,41.707379948387846,26.61263718473545,28.3884542388809,3
119,5.931597034625947,9.337425648144285,28.978104003206752,5.124648627299086,4.581764844724701,6.461259595384352,2.706834914222998,27.685711302567427,1.6032584756885695,62.830144916251086,20.685938477066472,43.194901726676605,41.8483700067394,23.347727847517493,63.96834058777312,29.988821493379508,24.55828199285429,3.696641849363016,26.71725548123619,26.98665884681087,3
120,1.566152878105858,36.68451339572032,32.58873175449368,2.4421386234712075,42.16748166520316,7.123167184500397,3.6574627514421794,3.204194274335828,0.7872985654967684,44.21672248621811,0.5042095606509126,1.5621001899710778,44.15611950287596,5.80971881800442,1.0533635580590923,66.29136422889988,41.77204825576294,84.79749002795347,71.47299145611869,15.06318754206251,3
121,1.4389835884661455,36.788212231935525,33.3117536729859,2.306614277165341,40.989438718615055,6.469529705617978,3.3279038079353467,3.149466659307512,1.1064223575505203,43.64418593265776,0.7170889662583975,1.7254450459351311,42.61837004008512,5.547448022126489,1.2838429213963225,70.10083762000534,4.253490093999693,35.87879613243784,73.24805490899084,15.133727878194096,3
122,1.582559351414537,80.27401041298468,7.706658398047131,41.04526661105864,41.4852710175748,33.49966006661911,30.28726365751594,3.2345097813764294,1.1402554394407298,3.7733445695763193,0.8036629254014919,0.6786625696867213,3.4488903937787008,5.85563677054218,0.2729839453644468,84.7353718165146,34.93073940024667,11.371903349518266,70.60927300925503,146.7062331949512,3
123,3.6757668623643056,9.536613875005951,22.1586286613655,4.531506721907124,10.020513402746657,35.55586759334929,2.6575119357046035,59.53451840493141,36.85261132650124,18.16158298730989,54.39636236572499,1.6419476535074689,2.5248771007351376,5.754552794443121,1.2066484075541712,6.821944915847404,4.303158096015715,5.732294571000304,19.990114369493885,21.476701166521977,3
124,5.147211723693164,9.31716080476828,22.4825741934512,4.942662809559616,8.044316925023374,23.25636632385272,2.674363472973368,6.109567401474606,38.09037065420375,18.731975644753696,55.79695282496372,1.6445724681828635,2.878841475020166,5.532144547989793,1.5803655418973068,6.461884327350812,22.306116177783363,5.096272742882923,21.47068787106542,20.79330521815185,3
125,2.4821810018194297,37.589107332956445,39.114439403427816,3.083841328900512,0.0,6.709251906024548,3.4000786468122235,37.05219704828647,1.6079357826363112,39.39528432161944,1.5612138820771675,1.6147445226827903,40.51392776908854,6.762257433450921,1.4913811619431283,64.52841446444639,3.29030889813871,26.88979003894329,0.0,0.0,3
126,2.3364121027133526,6.237568951265881,3.452154046154685,3.151553707677681,2.0623219725254254,6.862004460881743,41.10931897081836,3.617076882706872,1.222951712230016,41.7092858479272,1.5931044808049817,1.5645522877175608,0.0,41.22737006791088,2.3208001068561224,0.0,3.0860022479466824,39.37294780421287,41.23562539560224,0.0,3
127,72.07611671643626,5.567855875500208,2.6513426316535917,31.88977614507978,69.4867147485199,5.820314556138588,2.5980792964113766,32.56122322337176,59.02595441085062,6.583839351118166,1.695463689622799,21.977748582785107,23.58040083125215,24.5864929244828,1.607803443025458,37.59215129623164,31.65827422473242,31.65827422473242,8.428432410935251,4.820190043710277,3
128,2.900334102859337,4.462198053666418,2.3900640919412592,30.973422930442883,4.784495576771859,5.064124921910096,2.431987075806555,30.263597656935666,24.804269443909156,7.4416151836846,1.8237173124938155,23.47177655785332,25.305591211684646,25.636729337214447,1.735670858246843,24.36518346821413,26.50896737829525,26.51287337470317,8.413561558488098,5.674946320521171,3
129,29.292543757602225,32.23231873134541,27.942982461947896,2.8927526139055124,1.890471490775527,6.635306579399036,3.0789659836638545,2.6780984876073326,1.6373787093628325,50.58335513022413,28.04372252747064,1.5978112931323034,75.08198358946923,7.149525773147318,1.2305126129459591,12.30962948064062,2.4869630815466666,6.356648380441439,64.84112979763064,49.45987094457122,3
130,2.4268523086510703,32.002203738702065,28.076542682921925,2.258624547795636,1.9383007928450608,6.620376048099928,3.038240366567092,2.7923709878723453,1.5048490323143098,51.45755648293468,28.202267037148115,1.6283551156234786,76.38199362771793,6.738178856477091,1.0948457629245298,49.84188424325677,2.5033932326156063,33.91339509297017,64.9699538774944,77.17516584619739,3
131,3.16998325019165,9.87119282418577,27.867951588173923,4.157788987880828,2.898127952714896,23.389216045108576,2.322280367060726,4.732536320584839,0.0,16.222006041271143,54.144783825093725,1.3468816623377124,1.975736963353541,5.677033437706033,0.6459802447324225,45.90347168956942,6.06488221522642,5.328859918082017,26.890760513714195,70.05739215434534,3
132,1.439777028452191,38.804341344467,1.9594116709640783,57.40101894573573,2.626849856870821,22.95665722984506,27.45021581070141,4.917138636462029,1.275937410349021,6.336247358270388,1.6559743187901463,61.623654564465966,1.582327537145927,9.206247340430338,1.1785534500461852,3.737405932114445,40.169919629021,38.73986549795069,8.188607091226647,4.4555665172841525,3
133,2.5155167006496004,9.446603649255533,27.81807011972241,4.379545034051019,2.5796196703970096,22.52566221984077,2.302062742406054,4.72319084609046,56.404114499349866,16.015796352925786,2.459234650805604,1.1463355717618184,2.1857653955304763,38.03280068364485,39.3680049338624,46.18107624568172,64.09498502858334,5.522122657091314,26.276402946586373,69.87033994965033,3
134,2.315260190318909,42.08190688111232,0.0,3.2184020320829787,64.92094243806775,41.07498992578813,0.0,41.07498992578813,2.2243771362720843,85.71564976235248,1.1959264030431505,2.4997069131509653,129.39442808197035,41.13918885078964,1.522205738266035,0.0,3.368588089045641,42.11369174010088,0.0,0.0,3
135,0.000253057090466,0.015040551002474,0.0,0.0003884866687469,0.0003108473377289,0.0150585974466138,0.0,0.000360389782996,0.0,0.0,0.0,0.0148786878952455,0.0,0.0150050668116407,0.0003600180270717,112.70451937359265,0.0148178985450184,0.0,0.0,112.70451937359265,3
136,0.0002323684050982,0.0150560227566624,0.0,0.0003557884952165,0.0002838557521958,0.0150848274156382,0.0,0.0003576286394728,0.0,0.0,0.0,0.0002741013785631,0.0,0.0150160613957174,0.0003272286240172,0.0,0.0148480340751928,0.0,0.0,0.0,3
137,0.0002526564964867,0.0150098515664816,0.0,0.0003583263873372,0.0148586095779304,0.0150131736979472,0.0,0.0003741073632939,0.0,0.0,0.0,0.0,0.0,0.0,0.0,0.0,0.014802948771217,0.0,0.0,0.0,3
138,3.0335905732801742,0.0,0.0,40.91222265120233,65.04289292249685,41.05042699441076,0.0,41.05042699441076,1.7901310071976797,85.1673702329654,0.781861668861759,2.194749296436976,128.1493394643896,40.47311600762219,1.0386704287782238,142.6723383979954,2.9414115297820667,40.97755664537495,145.19201755316448,12.38444283348078,3
139,2.722445559987177,41.36615161925788,0.0,3.413096556420291,41.37159680912411,40.825604687680425,0.0,3.7249752074770015,2.071480600622082,85.42165787826525,1.1725598405478133,2.13010263562672,129.0840440298139,41.15502045030154,1.0770197028556718,0.0,3.2772253911698077,42.10885640521808,0.0,0.0,3
140,63.26254145162408,4.623788681720262,2.440277578461307,30.36489838892778,5.385229972076257,5.636637038930703,2.289238616734837,31.88607647434594,58.96800604634471,7.302509213490889,1.7695580506308497,22.676691042335705,24.65119801143969,25.755366927299544,1.8794081302584733,24.95049040784093,28.76420164251275,29.64622521482311,8.267338592082602,5.041794181198503,3
141,36.942303627267535,120.66279132648064,7.69436301001682,36.942303627267535,0.94326137112486,81.1858622431097,6.678385708432459,2.15418266751066,0.0,115.53990414743971,0.0,42.69311705392184,5.034959790782363,116.89188688735312,0.0,121.52000230179912,2.910741241699007,36.3580915753144,8.355941299207084,7.790463111809566,3
142,37.48651940895768,121.2056321932402,8.078007464869614,37.48651940895768,38.61883559184254,79.83275350753667,7.296227683428628,2.035631830943648,0.0,13.348459251822844,110.62653948698708,37.47494912906223,5.801525350343274,117.62829558077097,37.47494912906223,120.46932561989028,2.8356265891830046,36.61286293542856,8.83233986256029,8.227911680892666,3
143,2.1687842777258286,37.60660303149379,0.0,3.031675586893394,1.04613916660255,36.443344363455445,114.58140007282272,2.108026521696091,0.0,11.674948748738183,109.31811598487862,0.645099656856291,5.213996910591534,75.4760418103874,2.379358802456833,119.5529187184189,2.5014649214242914,36.12032898143045,122.03930362811197,9.333445494422122,3
144,30.64726804846525,32.510815137962446,28.434097196016214,2.7781730190282263,1.6701780726391793,6.768521785145917,2.9721905991988136,2.695609047780124,1.5589841962365478,51.03079283649423,28.038483354239485,1.4710987363517336,75.98797409239374,6.476052846295169,1.0749531485158614,51.57089120026469,2.345511389338145,34.43033754104816,65.6508408287367,76.60601274946976,3
145,3.616025260908637,9.291990208994118,23.25288096408463,4.718524590232798,6.105357549043008,23.83594997348793,2.763553512802537,5.704721819617739,36.344163294984114,18.7667689329768,54.34036345109231,1.6161685700480413,2.976850863468484,5.446824739321758,1.375131579839372,6.806492462400407,4.484831061136608,5.66622717588279,22.145020778779863,20.90456717535899,3
146,2.6187819962268954,10.132672906941645,28.882651672763267,4.1545227257401365,4.467985688806961,35.795751442387655,2.596558852081813,57.238996164558486,1.9531071518141176,15.826163038598834,2.043037500712221,17.53656266151423,2.3816761582833257,17.881528745944372,1.3696212631807674,64.60261406774931,23.87462364568969,7.606884535639802,24.316701863617205,42.07253170358569,3
147,6.370579759991979,8.366405629418974,33.78646527883403,5.205123740049338,7.14503481919694,4.978468965130565,3.0637840830812406,37.19948267326367,0.0,27.016293327768693,70.47512709978409,40.61260044291078,2.0747736964634185,30.996767272664776,73.40857122829966,6.798380514283381,33.75892521652846,5.726337818960486,31.7156796644762,34.410758391833305,3
148,57.47584102824012,5.342613197670847,2.6918452896855247,39.45264873762348,57.38808226211973,40.04142802695675,2.9894028418602634,0.0,0.7477734692970652,5.29768726416349,18.601418626766808,1.1952615747402588,16.20307298123212,15.555876860046308,18.56150275803648,0.0,38.150634470542464,0.0,10.423302013110533,47.20609463129001,3
149,65.16838153628281,64.19044540565078,136.6702945833097,73.38534936378188,65.25343952329499,71.5684776692102,0.0,71.5684776692102,1.5506062470125004,43.29461169674822,3.488865632143015,1.2780579563436305,0.0,40.550591104650586,3.15221901620863,11.953471678585602,38.734744039539805,135.96176545958647,23.283026592351437,13.610288234126882,3
150,2.6331037307369325,0.0,38.95090608408484,37.71658147799338,0.0,6.581831309598818,3.4417486974764127,36.96681679663709,1.695461065035586,39.32378972919047,1.4126716017026966,1.6905503016515917,40.49473094295498,6.831396415959707,1.4041759075738842,64.46617650310756,3.252052100333363,26.62069242004731,0.0,0.0,3
151,2.2596034168524417,0.0,42.72469605547335,39.42654877537076,75.36143613909003,6.275670966274388,2.6810994979351594,39.23881505907213,1.6135316107266342,69.10695906261437,0.9735394176643354,1.4577970509184943,66.71337138293532,6.099494484689219,1.0203446283818352,121.14427832334329,3.200587829800393,42.38247474090696,120.49637921694756,9.723803049467724,3
152,2.554811555102301,42.8138327297415,0.0,3.326408043451798,29.608981492422824,41.55957610059781,74.9424513620838,3.8393355883497593,1.8912288364601408,27.576159994019207,2.1300847788502315,1.1948930602556955,3.8751935388185297,31.933075663685383,3.1313416706120027,60.12433728359938,43.10217633255689,60.12433728359938,118.51931807378936,118.51931807378936,3
153,1.7893357393155496,33.09994072574665,4.155052421377288,2.076673266775288,3.808287695464405,5.977741883586747,1.9498055740545528,41.04758745710091,4.658580383761966,3.7658689899879714,27.687141597831623,10.234868891360332,1.3487588946341742,5.206788245093184,30.860963430147027,7.461039756378273,4.351638403826016,6.149728813488919,6.367044112746413,32.33266883110539,4
154,33.15037740095626,7.866217155504596,2.8877573856762484,36.18370315506176,2.0854895951904937,8.397909976146789,67.98257650306671,3.4469949560841595,3.465550237835036,39.889431047949735,6.869877162608859,2.079234227822953,2.5477116115674927,71.87568170157542,3.440120119703716,63.84098942122931,38.92761725493254,14.32135594653346,76.07238922182476,115.98072870066213,4
155,0.9827941896132746,39.428977182584255,2.52060491264779,77.16075488918354,4.249764139467569,39.74207317458564,1.930499449435203,81.97003735529164,70.00532891454554,3.528318395601783,28.222330795718957,79.65303848005357,1.4272983862902735,4.96248071572714,41.20098819899713,7.460842843469371,3.810354945117675,6.668629937671203,7.415255390844813,31.374615620836,4
156,3.343853630583112,9.974774911615055,44.38333427772638,1.844915562050436,2.205750962958509,37.63688496472057,108.50336308193242,3.3786800124175747,3.2946291696023886,39.56346829744817,6.31388693539144,13.527613344946827,2.571708746583528,41.89235261813003,6.892158511392735,54.50925283591456,37.24347523085393,21.72179056779354,71.23808318287254,115.1964463798556,4
157,57.87403627669968,4.787803701936282,2.8684144956570043,32.4876475009826,24.416676201636594,6.301376657683126,3.1039121565317287,3.740688082893615,3.145604030465506,8.026297262874287,4.343157374849122,56.4477702680396,23.07385754308812,6.222803915043065,35.30744518340183,19.1298894241382,5.069414006898535,7.282518678924737,9.301841351505264,6.294043902720755,4
158,1.1345348935993138,37.82079105121871,0.0,4.750164081711061,2.427259611157041,38.040086319184056,114.01503696185053,3.872735619599781,2.39611715232907,36.02299294560737,2.973708700057168,2.2339428653687703,37.22878004107702,75.24011825132733,3.625444244455626,5.634341681752868,37.56328863584596,17.622208379626237,120.78165245457402,62.25073995924977,4
159,4.209843868014113,37.21595623557988,117.93823577415664,3.15516522703242,51.615039306804846,62.45973862759053,4.9222643045271175,7.045715175114131,2.8296348486157483,59.38549514603294,4.77354475156003,3.404660237219661,2.816815738064665,61.68719186887103,6.16955792789035,87.13017930909375,2.861894100543843,5.07034632258635,127.68741817189716,10.515995767260229,4
160,0.5667119730636413,20.163732059536915,2.731161157608722,2.3488909473633983,4.338712612302327,6.512747908167606,2.775495647035493,20.95202762949452,2.670082215752355,6.190145240179384,3.4829169759290464,3.8781521125180505,15.830802962335296,37.0621972575528,53.92726272567392,20.27746445247637,4.646354933582273,5.566501726515604,7.74750718037433,3.853718425426226,4
161,0.7282426583685914,35.059633387419325,2.6958158346642382,56.02903254586632,5.116993983294427,6.336490559567852,2.757055629479778,21.77021092829556,2.912696226744569,5.986421041429713,3.6152733602545473,4.431707586357727,16.66038301109267,36.8504781774304,54.56429715763601,21.06212451184982,4.733698790236892,5.900981649009608,7.220005899173429,3.806600369991299,4
162,2.0856920780840524,5.467522847915526,3.0254313653121185,22.821298290881163,24.25366913578121,6.787051185709801,23.678890261409475,3.777026892328261,3.047438640514606,7.8336158130322495,4.305889738322454,4.020515853432666,1.2983607293516104,10.354237446457546,5.266508531770727,19.67287606462001,4.765746416562243,6.919669514605858,10.59608311043042,4.665368889961627,4
163,2.536059090852849,42.04860597879686,2.9593075755200093,1.4801428953846594,94.37899624694222,6.032061520382975,2.4318750430821714,59.3786196481444,0.0,36.04854356308433,36.04854356308433,0.0,35.24802540297409,5.424233820089589,35.74099323445589,76.32302450189066,5.989715870647831,7.980690914659766,7.677270848021475,36.56626932298467,4
164,0.0,0.0,0.0,0.0,78.11646983016011,82.41071452265918,0.0,7.864203670412427,1.7119558190845146,100.47970275687052,3.336311086778465,2.273829088612878,143.89469237525822,79.27914542925781,36.91746354212877,0.0,0.0,0.0,0.0,0.0,4
165,1.134653899071576,38.802538712785136,0.0,4.054601486570934,2.489182000238488,38.83487922237907,0.0,4.079964032611852,2.642112755209987,35.38745676973011,3.066080651866214,2.0922330131198623,76.92460628495145,40.09370306084924,3.4924718007315323,61.33528755214998,36.04604611861184,78.43532337753979,120.72603855718005,59.81199086523913,4
166,75.66628048799829,32.245746461149984,2.6286385573438094,0.0,0.0,6.051973000728509,2.490068984902185,33.59545711396449,79.04002324941939,42.08535269166573,44.14654239413376,0.0,42.21579883256426,5.712436088138102,34.380768159644774,75.33814157563329,6.0846930290457015,7.81919835523858,9.145663996916838,37.39148216361816,4
167,2.479937444766949,34.75319907630514,4.252414312863496,77.3233741629901,92.0572713508046,31.51793241099532,2.326480313042304,92.0572713508046,0.0,4.5202638898767145,33.29080927736887,0.0,1.737811862562284,5.516521044428914,32.90129737221948,14.127435094151378,6.316663618020921,8.798915434717832,8.288398476188718,29.484710671011445,4
168,67.44088898435866,8.449619982766363,30.44340734386176,1.8037563944329469,7.827442270465496,28.19712279428656,2.8795520291294734,5.8468053257173445,62.93989090573153,4.150641536636851,38.473291371365306,62.78634061738308,2.382399474510172,5.445121814597517,38.0877686695385,7.3052727419485155,67.99454709775772,5.812583173394702,27.869311277201813,28.38286041303796,4
169,39.20353083346394,66.4295961489501,37.98279487444242,66.4295961489501,5.044981334270568,37.98279487444242,2.9574894558683686,66.21509154750716,61.92400465925842,39.13362034074516,0.0,62.80246490005103,2.5656485864805707,5.9299858097695815,36.76044038057285,68.19201955157823,66.882227711501,6.334126188550029,44.4263631785539,44.4263631785539,4
170,26.307692331672577,9.122404639031528,30.117001194229186,1.877350699728702,5.997179380779172,28.24488866488736,2.736951118525667,5.578927497547561,62.34325542982093,4.457704449740385,37.7395098336019,62.10807280462888,2.356726936966182,5.7655303725506455,37.09185606617314,7.382567212616223,66.84102418403363,6.263480376836096,26.651590483101938,26.374181420142488,4
171,1.7464774114790027,32.61550991266894,31.368333658008503,0.774684555963529,2.222114117633625,6.413991338904322,2.9539383164191286,3.4050827306438665,3.069751427496885,134.69564470303712,65.75900360868039,39.57315926495962,93.24808067327795,5.8408621228829904,3.3226418923286665,0.0,39.266871478208856,0.0,71.59394810479627,0.0,4
172,1.6627422585131808,32.22630271182239,30.73310599562412,0.98681151209672,2.309998699032896,5.847621738506704,2.893935048796449,3.3111915903409725,2.9071108415008737,0.0,65.22691683659747,38.68169473236283,40.65051603349336,5.543947632547258,2.9864588154353227,73.89773136112686,3.0563145698379635,34.40344288022561,70.27480258500096,0.0,4
173,56.68233898061822,24.407953039456,3.0254964899123404,1.705984976243314,68.82333231650001,6.755703273893799,3.32466143454343,32.179055374732776,7.146954733622901,8.00565887082643,5.746195621964964,67.39629496323822,19.966423957575092,6.220416316413173,30.229234119756164,55.272741113638325,3.833853771752484,5.699481951284701,9.643316535675655,38.80020865742178,4
174,2.624970644108346,9.543116853578924,22.68213014245499,1.423867973686095,5.136810054321701,25.771454780776214,2.787902420161796,14.06243990765646,68.64239689379748,4.986269871902067,35.83460697542486,72.25009277751846,2.697059068490365,5.803339585183857,34.95093154302923,7.230616063065367,4.314749413120672,6.1699633700848295,22.278860489198,21.10457160945773,4
175,1.7100465673345266,0.0,41.325898089770085,41.08018566904657,2.151222515005195,5.978618255568591,2.782088258227048,3.362660047956836,3.113492890633856,132.0557643388229,64.82984788581854,1.8139072701892065,90.1479777814863,5.561041913692395,3.1608400102278287,0.0,31.36784667180511,72.96000268471802,0.0,0.0,4
176,2.1380122485171253,24.78191603251686,4.178276462218441,22.293810189181748,4.799437105897452,6.003278107528304,2.6873645052176696,25.785378882640845,1.9199693793461723,4.718125045746016,2.599076399161889,2.354938603366014,3.3602704805328907,5.035253095659925,3.5964224099417774,8.393668926203881,64.05833943082007,6.951597010763917,15.930462524224785,15.107620443097208,4
177,29.494776913775542,32.001783935688344,3.015772055606991,0.7444106490170059,46.2647419494105,6.490740800337111,26.16629789502558,38.75968402956402,4.283455995101196,7.758918549646296,5.277545310703818,46.83584626105172,2.537262332477522,10.716921359417322,8.138212800209116,5.610349057708908,4.685860090824265,25.89770711358056,7.970138327256053,4.870990876810299,4
178,2.0119586388632,23.609231182482034,4.262143802890783,21.15520296846477,4.769971162220564,35.73688202918427,2.618275361970401,62.58074974669089,2.0121999029306816,4.749944608448198,3.0156596740453163,2.290760909886914,3.382625251880452,5.148116201606444,3.3675214228155137,14.407183287388426,4.457580923078237,7.447866109299231,38.788322487004265,52.863707649213296,4
179,0.2367433466810571,5.8939296521868005,3.154956382632718,1.2303872412535766,2.114401176778698,6.252289184044719,78.68687662019764,3.3638105932200157,3.499583731860155,49.01737495317321,5.833398948198104,4.137691968102173,4.54739223988667,51.83169657335435,6.609987577951316,45.89649712210259,3.1785299678543475,13.56291993983986,95.974096819698,128.97654453793675,4
180,1.3101778836057,19.43554682890849,2.723078845420237,1.8667838493384807,4.047256809434525,39.59869211265879,2.3942256936831017,56.40057331683336,1.912177760552099,55.79534282845876,3.0583499315652505,2.726257564638179,40.9204174683024,16.735945158757442,3.8989675466543834,9.372042677235587,3.892570098686561,6.089995743442398,7.830397362650722,15.499174254921153,4
181,0.0765503099014934,5.5673284461767,2.923917936973382,1.268351994576677,2.1656965937856105,5.949769180835528,34.29544706000288,3.4798146217575625,3.3214988854874337,50.38292388728412,5.038451275162322,60.08922750752219,113.21445412013058,0.0,0.0,58.546301627199846,35.15159475149477,58.546301627199846,96.29904686910466,129.58934232416428,4
182,0.0,5.735564110803185,3.181639166187874,35.125192179466424,67.57898906140737,6.551134112172938,25.88546424657298,32.4072959993336,3.972879336602692,7.7820545707051005,4.644374481978565,6.01292699227588,2.286222428796426,10.211878689745843,6.9118951004469205,5.369461916024019,4.436052616679074,24.95502271972448,8.109120022932826,5.010855011202955,4
183,1.2610678553578474,18.79375876554557,2.981910905006122,2.07648083541637,3.3753250414323825,39.68669034969201,2.2537287189018933,55.95878964722456,2.102018706959715,6.151941933049418,3.1489348743095524,2.781472346994827,12.501150267255316,16.065927434586907,4.021970223250398,60.561193015880775,3.90323418497988,6.013539659652903,7.995388833496468,41.09477632939,4
184,1.3539694972162617,18.497784558142307,3.1167556503979945,1.3319140509385976,4.440460858990454,17.485721714770776,40.436149404067486,4.024221039910349,1.6541323405908186,6.500865083583575,2.597117460166723,2.496814339476185,53.43178501437677,56.09380938445789,3.690550802850278,17.507627952920522,3.685675305654144,5.454983641973441,8.06123479006894,4.305194946234316,4
185,1.87960733116296,4.813593329287504,3.119746708778729,2.369760233805409,2.115851036397172,5.820609935699484,15.61105241750653,3.196705355211063,3.051009959494553,5.145946920307287,3.0969616594260723,0.0,1.9586839903904052,6.785093121074953,60.23407306204376,0.0,0.0,0.0,70.86703667269158,112.41556735332992,4
186,0.6044730952776344,4.408418129390503,2.690981976843,4.245897152212806,2.1449245220875546,5.5112411159718055,17.274118900386203,3.244652625180201,2.491077503990637,5.143612094520996,3.6897345448517416,22.175680374699784,2.060454359164268,17.803586000885378,2.80264467890917,0.0,44.73873309200439,0.0,71.23156280320799,111.85221074007656,4
187,1.1821685423856103,4.009487019401953,2.445446318729948,4.325408682289623,2.2679056440866074,5.16814409747176,2.7092761989145093,3.0987404416775224,2.76973330719325,5.587558340604859,3.211832953737507,44.13989696017888,16.17684934159574,4.9011246248751,2.859267952340355,17.972612933157645,3.2141672483373025,5.394548989664822,69.98526111812218,63.21314063147258,4
188,0.0,42.433575165173295,38.3533108448382,42.433575165173295,4.313847722202965,5.927539666910577,2.651548054090674,27.79519722483974,3.1313897267943847,62.26415402952343,4.169675479348375,64.60049840757597,39.53107485324283,5.573144547689212,38.27167174894081,53.1263317220838,6.232033004095016,6.756953737584849,43.613828835282185,79.99247386551873,4
189,3.121941673800587,39.95228258128043,128.7677740295235,1.6945131292661044,2.6169741121798284,88.43329241949952,128.7677740295235,3.9526603396079234,4.541278722347359,0.0,63.356608842633946,3.798049639339344,0.0,0.0,59.40455475167011,0.0,13.371757598974929,56.26912201312722,0.0,0.0,4
190,0.0,43.69128490051938,39.59681908403048,43.69128490051938,65.82233172999642,5.929766253682005,2.7687738394418746,39.18326163330217,3.191005679379359,0.0,62.11590972604569,64.62260737858674,40.88669923314982,5.6339004832596125,39.6063904769903,52.40874446112529,6.6098476496229495,6.224275248384748,44.643524964649146,79.4407343736068,4
191,24.10951766355016,4.766481103903819,70.76972798399342,2.488780075880248,3.9709409989517295,51.10310015150134,5.038264886744432,5.913380790338874,2.6762430549429927,49.2091847448872,3.4806367933513034,3.693190250678712,2.897466577316404,50.33918321340335,5.241998595755018,4.427708591699041,22.40310026595672,3.794453067847796,74.98097405018265,71.62108119834313,4
192,2.03277849724501,39.690179551120806,0.0,0.5263791773907632,2.683558732306374,39.28241738699306,129.9865508974621,4.203640462293111,4.068479930358081,129.3794265522002,62.71823928211391,2.066246148714583,5.723623416111501,89.45710053665749,3.737026010977168,0.0,18.10370990238967,61.833994787154246,0.0,0.0,4
193,2.056288364866133,8.996224763709172,3.08641558271461,0.2203303302168672,2.700297674976484,9.452133998165174,45.88220928288719,4.018485899066387,3.4830356989998466,126.50559634310189,61.82136674904617,41.285272161771765,126.50559634310189,40.959930251350045,3.679759049094565,0.0,24.2245031669748,68.17939342834707,46.49693379972348,0.0,4
194,2.9241119922551824,79.24830445694926,34.51535057646172,4.883222227430266,94.70373379564472,34.51535057646172,2.3981613647684448,0.0,82.7248389708244,4.688889144542406,34.7453701957478,94.50038236722482,2.2201541190143703,5.91488481902412,33.851388344746525,13.15686959019494,6.087802377156262,7.560666749465075,43.22445566214086,23.38705500062732,4
195,0.0,34.09429239090649,2.8759621684892323,0.0,112.1376136619824,6.413771682471804,34.98067885251936,34.353566528444986,4.999709239272768,8.871735537339594,5.210334232438759,110.69868286396644,75.26998627828952,0.0,0.0,4.677387507860479,84.23656299708145,39.02056935525888,8.688757767311772,5.483488078570513,4
196,0.0,35.365891200828244,3.1045668546362086,84.60330206968536,110.90290629169426,6.390171820937686,38.19697730602536,35.84559592360716,4.119915182719446,8.337183434907596,4.960397793219828,27.927806288541923,2.635512076790541,12.010153830335268,8.896938462664366,4.698449150539531,0.0,39.92712179766982,9.015607495400952,5.770374342876391,4
197,1.3746580786550655,36.84715884340694,42.2470012109147,0.123544226880716,2.176038926285032,8.075484455326725,42.2470012109147,3.35518307175421,1.7806060623503297,111.4721675529022,38.977972120929735,2.1813184848131906,111.4721675529022,37.67106882947527,3.389943953515637,122.62245888132524,41.451416376574095,0.0,120.82933920047554,13.633673982426776,4
198,1.2412840720758642,7.079109345813606,3.128575291329242,0.6175498220743637,2.20278529776294,7.457788223669722,68.22017491576247,3.572744578418765,4.264863249080896,11.284072842029603,23.73888428140539,79.80999568015437,5.072211814957916,71.7941463253554,39.386558462759886,67.39494709578389,4.921385757763143,26.29973892650052,41.8280239742576,0.0,4
199,1.100726370695281,7.745802494139014,3.3085455580968417,0.5532058164271497,2.21765946208574,7.840963119673089,67.48037756436894,3.5008292480034444,4.374790519634376,11.554644584949685,22.525588075923046,39.58481131672932,4.997915371775751,71.69326192133964,3.2921335298404526,67.50627255831272,5.174947350141897,26.11496141653509,42.60984336807102,0.0,4
200,0.1345010765738749,5.5349794923166975,3.1649677551912405,1.3601386462276666,2.148109794236248,6.22541248392065,79.22668729461691,3.455154164693888,3.3296216491611395,49.0328673251482,5.809535853527279,4.228512466698288,4.613105061454973,52.54343400336817,6.605297488337262,49.593400827427736,3.4966708195860208,15.325632981897297,96.17185825896998,129.0498349795337,4
201,61.10178561390441,30.48625180939928,3.019565514540697,3.0933231679860413,75.55786493913341,6.194578095362775,26.24332108544385,41.6975565906523,4.030752600688055,6.754201990208158,5.015280918524141,54.13567710411835,2.1195328212984403,10.559655599481315,8.50024892193429,5.200112154651728,4.218495841806472,25.38160771192941,8.779033272358532,4.881788241665501,4
202,54.86889175950772,22.062718312758005,3.637178017031125,1.240801782552165,9.315061837774788,7.002453131798521,2.601365019611261,27.87997523198024,8.27111395446973,0.0,59.14864248277231,63.77704278819405,33.72039350205277,6.357035012549109,28.52399843210884,8.248747242399523,4.038903333248194,6.250205521257583,8.658716611283888,20.104613804660293,4
203,2.3302191316177314,36.1130372309384,3.986707736836803,37.527905158895216,63.14905940901932,6.238740867771031,2.72437969684908,28.13773889267128,1.9826061129406576,4.727179103736673,2.70917263525971,2.218178087217862,3.470080020391237,5.347624823173438,3.3454501767583293,14.592592099695592,63.01262086400246,7.667480929375737,36.1130372309384,51.51928839562163,4
204,1.4819483701647895,34.18110174865491,2.683396840558205,53.84163247441831,54.9466361378797,6.206848933166642,2.7604231764971137,32.981323579560566,3.006046913278713,5.83826050733424,3.617001915247709,4.149801626083226,15.756559674083467,5.98881165464595,19.287908072062383,19.727528557830148,5.348794056525749,6.011877597859461,6.587268326159511,3.1381137886101182,4
205,70.91827895594022,8.182831895592797,138.59800364578692,135.2921946737109,2.8573449292029007,38.74444609250682,0.0,5.30028434446253,2.6632464311299957,123.2875939792703,37.41602187731706,2.042519068177329,123.2875939792703,39.59015799228872,5.693430121217421,11.878221733461022,69.77788155186212,141.1996071378376,138.59800364578692,144.19654294760497,4
206,56.79816918384483,4.913287552526851,3.041030372839635,31.60455593355238,23.639718468875845,6.374070673558496,33.752007909790365,3.742398631709666,3.0519853265297083,8.25090480598263,4.243137785251697,56.603355640542674,60.17381606398951,0.0,0.0,60.23991470719944,58.395286585064746,60.23991470719944,9.730867161491716,41.70794431640588,4
207,2.3520320892187927,36.93796197517678,116.3249460324201,6.386889382352617,2.4342271192192664,78.9804863878268,6.1835699838446345,4.364059415723706,39.1735830605143,43.73248945856954,70.6133432558738,2.338545462082193,4.751448982973383,74.90388275894622,4.549108298916727,59.08811483907338,40.694487827123226,22.5845619263401,122.66067203254052,122.66067203254052,4
208,1.3660709651803609,39.62328724869158,2.520438329810202,75.8342487165678,3.9719330655982232,5.866073859966982,2.0652251330753475,40.80825702469396,4.765021229945863,42.6122647870235,69.65934245917842,79.62331737416018,1.4081357742713831,5.1521216617819,42.17143022763596,7.226208632714816,3.933198936146053,6.160659843490392,7.352165654937669,30.930250782123007,4
209,13.589906362666497,8.029509927317353,2.9010456317511486,16.473264502922095,2.1331267628900905,8.206975043227764,67.34111847629269,3.508460046730963,3.4451126189253225,39.62861734141562,6.953311507114902,2.130311401417274,2.578544132696215,108.90134152350728,37.69939378677761,63.68950861234606,39.147364119944136,14.523082843150364,75.45306239256145,115.94058022663236,4
210,2.3995718934248083,0.0,39.18589449536167,38.142682514847095,41.76033314267502,8.11093318513105,3.2051819497646425,3.6278361688537686,1.8810220041094,0.0,37.74321369493196,2.011880373832865,40.250182058260464,40.250182058260464,36.55117975286378,0.0,0.0,0.0,0.0,0.0,5
211,1.7390394741365711,38.46199759796384,42.371366493162384,0.4477352502539166,76.31968882397265,10.028901188418468,3.04894441244645,36.29824602636884,2.011660097941915,21.233242188411356,1.719583392440832,2.112143501490247,18.3607774824254,8.087748029698712,2.44275855273236,0.0,38.98266371064274,0.0,0.0,0.0,5
212,1.9794148253534425,38.859341764188905,42.62723715773862,0.8849845160851956,75.76174279281196,10.236268632695603,3.179553792106985,36.37197349083866,2.0313770270371143,21.304870032640512,1.6232221526318986,2.102546405805324,18.291493303475743,8.40108601346858,1.6891303299449905,0.0,39.05933850643419,0.0,0.0,0.0,5
213,1.5823825571896308,38.80181680962607,0.0,0.8223432839356639,40.9373205473895,35.680534683664966,0.0,3.269853153483403,2.1102108225752323,22.603053922699367,1.154747690218492,2.193255777772831,60.85733630634779,38.28344898609483,1.7875925804727109,0.0,38.8825270441516,0.0,40.99927579298666,40.99927579298666,5
214,0.0,76.3746141136333,38.31384377130718,76.3746141136333,0.0,5.0050700601493885,2.659582343968752,38.40289602453378,35.62102255620461,3.678134343925087,2.485277617234243,35.05340155786425,2.551709979014192,4.741012819262891,3.2865889388486345,0.0,75.56240182282485,0.0,67.88768127580276,67.88768127580276,5
215,84.84752343615934,75.91677141799994,37.281738723179146,10.98114521855508,34.65735441339922,4.974904762215033,2.5749475837833944,3.5907264021642966,34.277647482753046,3.872503003812697,2.389316085254978,33.821565036931354,2.8383928860062,4.740471436796058,3.116352048280324,63.7209351036939,72.59085838504066,0.0,68.46571030914292,8.93086767352968,5
216,79.74875050222661,37.766763696305,2.8322576047958083,8.385077119829845,32.660405980311296,5.243383318245874,2.596709908660647,3.3375096269121967,33.86810134294012,3.69680152065348,2.050490643047263,32.68265029650285,2.692112953013703,4.647031810348458,2.871272468073185,63.45541967641849,71.61875150676588,0.0,37.09335799923758,63.45541967641849,5
217,0.0,0.0,36.339881656786645,0.0,0.0,5.439396659683523,2.773106040309233,34.43166752516863,33.973897620408685,3.4004511009142284,2.2530735552965493,33.62465512297998,2.7403749515392235,4.782432256405009,2.871943871656584,63.799695647145306,72.50643246569751,0.0,73.74545134352537,12.884291033120665,5
218,5.230977182827513,73.15081331229099,38.11193496568349,7.313472378264127,71.34988899997606,7.79128137534751,2.7593166171705583,33.3997302034755,1.983069547318016,6.180761890665826,2.640383409138701,42.47317740274092,2.467121189696396,7.07904638376332,3.6179721797149553,8.192806880029222,0.0,76.7569435602247,81.38396056541683,8.424844556113662,5
219,5.416360623719769,78.22700801966073,40.124904187676485,73.5790953849383,72.52503673794605,7.039385667142353,2.8479585251135613,34.32414260127581,1.9334633356934905,5.453033420157075,3.180435501194346,41.12562347061307,3.274575231402119,6.861266581384292,3.5698289873156623,8.143306314519776,0.0,78.34090054343801,14.470760548962971,9.154974407376734,5
220,5.46549392254553,5.155170212053059,5.866720524432738,6.496057839523592,40.830174447658464,45.22336591408408,81.3162614975469,4.332985069445063,2.1044345646899885,7.292089583315539,2.981594834701707,44.15051523707319,42.802777351271104,34.974950421441925,3.82043687312414,37.70445529316998,4.7483413860701225,74.24614354385952,9.88787633388634,45.38632836778704,5
221,5.0288932372528485,7.939563602919124,75.95007561484118,6.516815129402021,5.675666097598436,0.0,37.97926924747366,73.17929441464267,38.56991877104137,3.872001624161899,2.475615804696911,36.84227717079827,2.6421795483958177,4.629059441516853,3.4014357304588474,6.755587637031494,0.0,76.54861305053923,75.95007561484118,77.25758049507826,5
222,36.669111927462254,36.83105348027235,4.554686003894808,3.74523136506915,72.49748115176769,31.75477238571482,29.532933597483265,3.045860010382804,2.6778842401402803,6.647962267238572,2.1879963325313287,72.2173599663968,4.309202384100874,7.870347049118591,3.022169185912582,39.823844491896246,8.584109019920065,78.8393652965333,11.487637557026176,5.893995103927834,5
223,74.75541349481985,36.747179411247394,4.324942652216244,2.9349304937434364,72.5390083443982,32.17160058463974,29.839869131602352,2.9691112795426164,2.703847821360663,6.812591702169564,2.13117613465976,72.30723953032017,4.358306656725795,8.057990510324672,2.9184157880921147,4.723207420801418,85.41895983302587,41.89578518809572,11.612464705620315,5.834644763769207,5
224,75.68147412386409,36.92576787934384,39.40793902830153,3.107430802498473,72.69848884521498,73.25767390148272,71.9389048628008,2.999680384649348,2.599113196871729,6.672758410806294,2.2075419038446857,72.41824996801101,4.443241926577008,7.586796241125524,2.799287404854637,40.43624338518244,10.8146547338996,78.69911648933144,11.737288441675716,5.855735425377885,5
225,82.80345517229584,44.61163340947336,3.2770923525191704,0.0,46.45481670385541,5.786467047175658,2.713279280248293,3.631632312351036,2.087835871342854,4.504769331627034,2.704979520599321,78.76285513481021,2.728356564300192,43.258471151093325,78.76285513481021,7.763469451165982,6.222483244753805,5.55841902056745,41.57725190583591,14.981525791131256,5
226,81.49693551475413,44.50594599579305,3.20439759650643,0.0,45.8370873004576,5.979531178311743,2.644780142371097,3.679134119737309,2.2281895699307226,4.480455076840219,2.603774594654339,6.373558224658393,2.618459272887007,43.258454647614464,77.3082433678553,7.552069073244986,6.470598204029063,5.871798986551363,41.933435357262574,15.000800633286184,5
227,79.94504993786633,43.36484808516809,2.767605371931622,0.0,45.86794687154198,5.754294047428903,2.7300466252128373,3.5630327827937203,2.327922099101902,3.659756815803704,2.9789507393863857,75.08421148469697,2.4646639878559693,4.503397070268629,34.97038112527143,5.896840328382865,6.046223551536864,4.900747245127644,43.07818944287732,15.693017908416389,5
228,81.98952327785781,43.84346853484591,2.907128133887964,0.0,46.41945499620759,5.661028305828659,2.550876156203284,3.2670114021180527,2.1356586936900728,3.994692700841335,2.9636403096015176,5.49842324251492,2.6152065228062,42.89421417176938,77.71826935788603,6.041815184608566,6.323540286052798,5.061843557188378,35.298453483497724,9.309171557991965,5
229,75.965410379135,39.32391619322642,3.5576501700268137,0.0,7.030337675053347,30.62599477852015,41.0805423782649,6.808922219796315,4.720288460454202,6.077132344740238,4.076163138545909,5.297975903926864,67.97267959630949,69.25697659029122,5.968828728386232,4.478470651248935,40.43107353562681,4.375279969007922,39.32391619322642,43.76840265925093,5
230,76.54883222645405,38.10851589152748,3.5442269626761247,0.0,0.0,39.92653043544377,39.92653043544377,0.0,3.3184795300402365,5.724728221466221,3.8837291239552183,5.02263157353772,68.92108976009811,70.04280625170192,6.1145711929106845,3.801382286914417,2.8525277143387555,4.001726796518819,38.10851589152748,42.93101887776606,5
231,79.75274345900203,35.67344665826779,3.2723356201920977,0.0,84.30463896738482,37.06155437091003,2.2567256436408263,0.0,3.6837157304582,5.7627144531709815,4.040043708534107,0.0,32.673433807468136,36.6315279755733,0.0,5.196783528896363,37.644752350557695,4.568760206872324,35.67344665826779,42.61560083882512,5
232,73.76830708239213,38.63703438276973,3.532435707083417,0.0,6.252568409390976,29.475173870415983,29.68600929590293,7.335800686828289,3.777159225871317,5.79199965535121,3.891505349383147,69.57765055291664,2.670987591930186,7.821417581926108,5.108771289338007,4.510807429484663,2.944424410693575,4.599730008179064,38.63703438276973,43.844094940220266,5
233,79.18525165761349,5.399209510514538,3.028824660805199,35.92553929517119,46.49572602608895,6.23756751605489,3.0570758586437043,3.225589682221789,72.5669140574248,0.0,0.0,35.94308506885094,39.30933926250365,39.30933926250365,0.0,43.61683117538899,0.0,0.0,37.01828854531037,43.61683117538899,5
234,83.60121988180597,37.46985236844623,3.620476741264989,0.0,85.23320911774238,39.126311154583455,39.126311154583455,0.0,6.330227901414539,7.885183306828226,4.840458461976288,0.0,68.44179489888752,70.28933090724576,70.28933090724576,4.233423164570143,38.77770166843153,4.526979104816094,37.46985236844623,41.88020564950792,5
235,5.468640603955451,38.82402613422423,3.0616757677654416,74.86670463037274,76.8743629019457,6.439708931371649,3.121542404121648,36.89414381435123,42.83982733183553,68.9763216908463,42.83982733183553,2.0338032561406645,28.691061393623603,5.54699551408724,2.06848337444382,0.0,0.0,0.0,38.82402613422423,0.0,5
236,87.26867587580792,5.724868657746064,4.057721807807996,37.53381021133731,101.42980581822772,35.24598616771725,40.818979859928746,74.91164917361841,0.0,9.264553731166354,72.84415150220194,72.06286939868984,68.59539795753537,72.92182110160905,3.0106297182032384,5.503425184338147,37.94999542872541,3.630468264133652,38.06626102892811,44.010101445741874,5
237,2.959281288301675,6.968178288004149,2.3270487048254265,3.260452067593879,2.8549019119532875,7.636889618170136,1.2456260910028345,4.144514861973121,1.8469633928856029,4.6524991091195895,2.5219679771124626,2.3765747060370743,0.4076124250433756,6.446129675517687,3.550418372310066,3.4716282065003026,4.121335049965336,19.36939179292337,14.90634718976714,26.17935332985173,5
238,2.913170188448803,7.771184508783496,3.0015228597694743,3.611607682521235,3.667120302367626,8.97885255619295,1.4271839618009237,4.615614796699013,2.266511292019269,5.474748621790847,3.0610043030014613,2.9042935022462006,0.5570491374048164,7.703442482205597,4.17992126606164,3.675891267973729,4.447087945957629,24.91023956585769,20.392098772500024,6.812850647710329,5
239,3.075674550234613,7.492592157131822,1.871417212004129,3.586842766154245,3.331385856399001,7.912181137046352,0.9072616772331948,4.326700716113542,2.1758907187462304,4.735963616888864,2.72562601860935,2.6248542595959923,0.1768339182495128,6.594873177394993,3.8792754458945713,4.1642569868381285,4.543643980071561,20.76732692672496,63.07974120714871,45.507288278176375,5
240,2.9085715999133543,7.666232374398503,1.888130026274093,3.476932131660492,3.0816726307662368,7.853621425155236,0.8890084526630839,4.3719214848481736,2.172159057960376,4.882110183487817,2.6223942919974506,2.628128103044501,0.2864793517552254,6.721473437136679,3.742095676342237,3.967224519105085,4.357240151121284,21.073275927138795,63.44158250986551,45.34961853798293,5
241,5.563305821260904,6.081279872969824,3.0616751178059896,32.007848307565254,5.921930519752799,6.308393811209183,30.37762384677529,30.439110019237106,33.46338408115017,64.56204600930208,64.56204600930208,31.96482642956817,0.0,60.32238166590855,60.32238166590855,33.69489528769331,31.04997374028634,0.0,11.11296539427202,5.821104961883252,5
242,6.081471311892868,5.658500090130493,3.0029615144000976,33.59194776839512,6.024842611061438,6.295439219019777,4.380259733942761,32.47265419739954,32.99063507807668,64.31767628762219,64.31767628762219,29.931129925401585,33.016206042917545,28.53680550813201,60.73703283549009,31.72860620446861,2.7909304663258623,30.16525193760344,10.867788120860492,6.628126357473328,5
243,6.346737883855491,5.526095231980309,2.912123522501408,34.34198205401353,67.11533953269524,6.094938871020978,4.4395775956685615,30.20501195982878,33.351591027298184,63.710423014698506,63.710423014698506,31.72538137049074,32.62871769496468,28.878761404299603,60.72705488694403,4.238547375735209,2.779693731464032,4.556383092570114,11.028926580193934,6.982852972392774,5
244,66.77741670204028,5.462940460433629,2.912160405977661,28.88859406148556,67.02633944373983,6.201234884037275,4.368854084790014,29.092495485837244,34.70822302071833,64.07986335147204,64.07986335147204,31.43946342667545,32.15845638941172,29.135872280170958,60.40602542838748,4.232107515775076,2.5919830464590707,4.733982386787733,10.999898810244789,7.0906041538302045,5
245,84.92732592766669,35.26760073765501,3.1614023904125155,84.92732592766669,82.3926058241817,30.901160754600262,2.996088624562725,17.623042661041772,4.745760552143046,6.740066628453896,5.07400948435852,80.43524325453714,21.93808240410257,25.33656236220356,61.8200745501727,34.851391240751546,5.491250741888716,64.75619185681741,10.02511080000066,5.486383808009713,5
246,84.74102039519984,35.495012652249194,3.1772578089073087,84.74102039519984,83.22690437167921,36.04988207720808,3.121059940084116,83.22690437167921,5.470910632689973,7.178778322173049,5.426026334230152,79.99449471800119,21.980623970503093,25.677416681661285,18.661234380188944,34.96290217682462,5.296720342142808,65.69724182219723,10.077006221127837,5.349467900481727,5
247,84.71784757961194,34.190539178754555,3.010565978888598,84.71784757961194,83.05762097124084,34.23491698618984,3.3876109793332,83.05762097124084,63.521014701321576,7.10823587835675,5.694268098579785,80.62875617598844,23.34321283481724,26.26927117159028,19.98628042583132,34.42009160977425,5.214800916006061,66.36467509888121,8.69111307475184,4.934921539184182,5
248,0.0,35.138040584310495,2.975471153866848,68.24247473254024,0.0,33.85772546759276,3.0304761999193848,0.0,5.726201230922964,7.840054420940545,5.466203215171098,81.05921382383272,24.771523458676384,27.04000789617667,20.711861173849584,31.483252450361725,5.469045548956793,5.97653652069664,9.22791148503659,5.165717863896872,5
249,0.0,14.84615442678559,64.98541273333208,60.10173960205888,2.8511251406948253,60.0977601452337,25.920145761683024,32.618265190515174,1.675521216474776,4.743842228813467,0.8690714023928788,2.0000328803482885,2.560178239380084,41.04272416042848,40.07056259831766,27.29081172529797,2.905729869587628,59.08171458132715,64.98541273333208,27.29081172529797,5
250,0.0,15.357573326842378,7.156836592641691,59.09756543901808,2.466238517842757,64.85115225959899,40.52846920354683,25.643908047679812,1.6558178321212302,4.681386099248097,0.8558719268966273,1.8920165286645647,2.4665589978922866,24.55623918124529,24.28746156063243,25.381449820271808,2.4002713377731983,57.66449592963809,16.6239277586424,40.28386479925081,5
251,0.0,15.056819518031686,7.023559767004309,60.51368164417244,2.41981856297259,65.1295124051702,40.79632755059217,25.49028167888151,1.6758566961476329,4.672923370942822,0.8386483115008968,1.9538264824484315,2.4215534074914347,24.56283495828801,24.113170384131312,25.391697990616617,2.5544061945472563,58.15380059954363,16.300109473908826,41.891347690944734,5
252,0.0,14.99889172549184,7.345752754355045,60.6609914866562,2.965992665951067,64.77712903394757,40.25605756769423,26.350105847950594,1.5162857510534085,24.676713023519326,24.67923271134272,1.8359292837396743,2.4925426088456257,24.764101398320136,24.2130301207577,25.23078598259956,2.033163691420821,59.9322782886173,66.02502135036995,25.23078598259956,5
253,36.61308639580918,6.359926234299594,26.21095222339812,3.7449179067513896,10.83229234609546,57.09525225887712,4.158866007520119,65.9738476624659,0.0,9.489075436470143,65.26013788710043,0.0,2.7167603168236054,11.01454291477904,62.23152081065432,6.601929310002241,0.0,30.6298616746964,28.934635791105865,23.64880460414114,5
254,66.20979610768089,6.651184943665153,26.38632313220621,28.35532463007754,74.4083962483105,25.838593036708573,4.249529210414292,32.96886956632971,0.0,9.211262930181334,64.79826437684763,67.98055151825882,2.944608060564701,11.574883580477929,8.88283352050421,30.453556553883796,0.0,31.824622403180875,29.034689556715023,9.390517791345363,5
255,64.87497981827264,6.618379829420211,25.37315698117369,32.497028599918,70.38324731337829,13.65645298515042,3.879314436845359,10.287099962199449,0.0,8.537925560524986,65.3360575336725,0.0,2.4738494041865366,11.593642313209228,64.40640216609944,6.837904772676004,61.67985131956992,31.704014009598907,27.982485808338343,22.833633339332824,5
256,53.30835804760245,31.40516471578921,31.40516471578921,31.455911702777836,0.0,0.0,59.47068774934202,0.0,0.0,11.06959804677942,67.16303313221576,0.0,2.708535460084936,59.47068774934202,0.0,5.338445209833908,65.52554524711981,31.31072256765312,29.294773103109883,24.96562364223242,5
257,5.702568091164652,6.021987428012827,3.009734718571585,29.83180872762667,6.107088964492284,6.62167475731069,2.577695148563296,26.59138635857979,3.4257386350140355,61.35445687780335,4.422492994566058,4.925537382267307,37.27221406544901,37.27221406544901,61.437410189590565,29.93737860281592,2.3474088962758923,31.2677384312961,9.584337832394652,4.300041194736684,5
258,92.15295941747436,36.94495370634158,3.148580952001413,0.0,0.0,6.4359261056701325,2.7320981188868543,38.470515299081015,3.172490578938456,21.631737043920065,3.692231461112138,6.485316025871196,3.0207210284375625,36.57774386004224,62.33946308970666,37.8416625618236,4.852422734558632,65.32139541344405,9.47260176496764,4.702633779358857,5
259,5.646264188955667,5.8737016943150255,3.025800355173002,27.541505795165584,5.846197937846965,6.185005539375851,2.7564534564733885,24.992514450387464,3.773044926093172,12.426160904621003,3.85443363101169,3.89837549517089,32.85565686998863,37.07379756280785,60.089485587664136,38.71370708934923,65.05889027962279,0.0,9.64806834864576,4.998558515408826,5
260,90.4331114009247,9.126095790144404,21.838478458025563,20.58284600159283,0.0,25.72556431260124,2.643082295642424,69.05007419898473,4.0729979661020055,5.4356591732186805,4.134530237131034,0.0,15.54362737754722,20.63601094277337,64.58128393773028,24.786339369725983,4.954646935198007,7.352674232759014,28.22449977132881,5.731710614921861,5
261,77.32140514997722,28.345228458934464,28.345228458934464,0.0,0.0,62.950457304497895,0.0,62.950457304497895,29.93364289488562,5.00534193840972,59.70271487323691,29.368779155409463,58.39955791132382,60.399775720154814,60.399775720154814,4.426323814337683,2.9768425820362494,3.6201638249092394,28.345228458934464,29.38330721622135,5
262,73.84182111217345,27.49567019726493,27.49567019726493,0.0,0.0,63.31579053388341,0.0,63.31579053388341,29.24120471249466,5.746215968674632,58.987074038125286,28.61501403773712,56.584001476432825,60.496983124081225,60.496983124081225,4.548004868989713,2.9935913944300405,3.5465404221518955,27.49567019726493,29.14437367130652,5
