feat0,feat1,feat2,feat3,feat4,feat5,feat6,feat7,feat8,feat9,feat10,feat11,feat12,feat13,feat14,feat15,feat16,feat17,feat18,feat19,class
0.6523945293107046,0.6550780525792911,-0.5811756314206012,0.7725136690714717,1.6061758799380996,-0.7656887731827242,-0.6348478102486708,0.7556284723421541,1.06550178406932,-0.5249046958244298,1.6305008419833853,1.671053938601902,-0.0739268763154437,-0.15351810858468642,-0.6194208761643889,1.3373580440258828,0.09050258043612777,0.18954660938482568,-0.7486091530743557,0.38686257118263695,3
-0.5781935795554326,0.7516002127879574,-0.5662448285921532,2.3706935448138333,-0.5425900778903733,0.21822135891368732,0.007735316842948691,-0.6210717258163434,-0.45565443237504294,-0.45008137160724515,-0.46780101453386647,-0.5926733057502781,-0.619507874014042,-0.5535399275373127,-0.5522076716197625,-0.6443165757515121,0.8965582598776192,-0.6385638327711097,0.945002697620084,0.9638805852162747,1
0.15464927703150516,-0.5581286711624734,0.42676980528224345,-0.6988625826773309,-0.5534159022343151,0.0660487668005943,-0.6307685058431343,-0.6448366276714957,1.8419565421762023,-0.6151976847153781,0.7245739997979342,1.514295690035015,-0.6191596373877274,-0.767213659898366,0.7116290306317444,-0.561722552634304,1.7164522511500313,-0.5581525857022654,-0.23302010323165548,-0.13402437913683565,4
-0.6472735918201004,-0.762567081864902,-0.4415150603002328,-0.6730232360680894,-0.636711602364312,0.49268594347383776,-0.5074293525197332,0.3042505743802445,-0.4832660791318782,-0.08506109886560335,-0.5322907313911476,-0.678897445106493,-0.22924831863760517,0.3862281247236977,-0.62345035801616,1.0151804564916,-0.7372902410764921,-0.7023003972057025,-0.19672326594314898,0.05080389574474549,2
-0.5990126500863876,-0.8171710395185796,-0.48537632333853675,-0.659541039479636,1.280908058221689,1.818506258423805,1.7580195619272774,-0.8655584339662619,-0.42332794108325705,-0.6826782024079264,-0.5956494242870819,0.6730387192749461,0.4553000983637875,0.30683533397144747,-0.6133891497014703,-0.792985924402542,-0.6579239260643771,1.6012412281354866,0.0389889254859516,0.22316658552301205,2
-0.5062123171900895,-0.5868187160047023,0.5625021467203274,-0.5747348127005226,-0.5159306052786969,-0.8331932574881592,-0.6197489487001115,0.6061826869719412,-0.5384909790358092,0.09240461230634779,1.8927778969679663,0.7378275405334245,-0.6271748401342722,0.10877811407709892,2.1484165209368675,-0.580022553393895,0.46133472231133293,-0.5773139310736042,-0.08697967146939685,0.09635502038358461,3
1.2394261918896465,-0.9043225085021582,0.742360399495432,-0.7688887993087606,-0.7205029126529964,-0.8135892513825814,-0.6380030061441097,-0.7947853365961658,2.3908193522023824,-0.5715097364589875,-0.5073853409993586,-0.6155544689369911,-0.5762762099783004,-0.7839768483404985,-0.6615915761266958,-0.792985924402542,0.5006607443405688,0.45966163727405074,-1.0016103949703303,-0.8900761285095175,2
1.9260764469641802,0.5289203003054308,-0.5824844202786958,-0.45612079759799723,0.31732002271465537,-0.8229543757765461,-0.6354969028945628,-0.7335149267326475,0.7546920178115947,-0.6390651643411478,-0.5490250579370277,0.45137867296692064,-0.6096254787726915,-0.8060462999140471,-0.6422298248620486,1.1947933790163097,1.8977167264381014,-0.7815880759040154,0.06810418226202006,0.9289597038933789,5
-0.6022899902764465,0.7221304617131705,-0.5575593792381913,2.1900098126134298,-0.6408191080779583,0.08506846148330395,-0.1367900393863922,-0.6215618984730286,-0.4713636122968201,-0.5031526393812644,-0.436322646442019,-0.624815437979593,-0.6286774795021486,-0.5732597345732029,-0.503933271451485,0.5820263496591588,0.5376690912290255,0.8252073642555163,-0.7613061184323356,-0.7027690266727658,1
1.6387690062849194,-0.6797673271375728,-0.5839485018252062,0.7706101977148583,-0.6227185298181362,-0.7718407153596442,-0.05903846837318541,0.19498538253298764,-0.43109023666387125,-0.5453799503674488,-0.4642235121680761,-0.5861829862754347,-0.6253163147239321,1.1930133556222882,1.8828690272836914,-0.3966319927162478,-0.7317091461656061,-0.07575795324076579,-0.8035768054182411,-0.7892786423189535,1
-0.5950076350559598,3.486752650743264,3.5927295736902622,2.143613895725634,-0.5943474425122484,-1.0256099923289537,0.5570983445876033,2.0503442622641272,0.5871326864631702,-0.6151298432066208,-0.5293105801387621,1.9280111858414533,-0.6493200872533302,-0.761002230932264,0.8388405048954053,-0.42994213172514606,3.811248568766274,-0.3975808609866124,2.335208478268194,2.3677407850705454,1
0.11089166329183978,-0.7086732947959463,-0.5593280800849983,-0.6459458245498911,1.1946854913587783,-0.7847712774219441,-0.03931438483305715,0.5996823022284615,-0.4220905711175724,-0.5606278622807922,-0.49499186940302575,1.4076578782898006,-0.6135660108875549,1.1200424837924325,-0.755825130631534,-0.6705438081429678,0.2713869577455843,0.07751751758720808,-0.9493060985549066,-0.7837031326606984,1
1.7912571875613672,0.4970046398429809,0.7704387218592323,-0.6529799163417255,1.6248360874495662,1.8057830549882194,1.7024566164477024,-0.7468806284027673,-0.43924924832754636,-0.545717395883841,-0.543420523480653,1.8867240809245374,-0.5598454027096146,-0.7039819631959877,-0.6450777486860924,0.4737037944418134,-0.40915889713676706,2.0258248340603924,-0.6631253070605391,-0.7222135153844191,5
-0.6123034727835608,-0.5297122759870139,0.34357815603814007,-0.6138009766578352,-0.6546210358893443,-0.12162191619404755,-0.6447496171044224,-0.678322811080993,-0.5384909790358092,-0.24618316549909047,1.3100129379175212,-0.6805446397727593,-0.6299901987867056,-0.7702861445035727,-0.7302684047417513,0.6449680194039067,-0.5893627817826216,-0.591493055822775,-0.226122812665827,1.1182142161655526,3
1.1852332124533909,-0.7105062910503945,-0.5859132086070112,0.7246018253808777,-0.14365077360492548,0.5434872431059765,-0.6048966151609947,0.6846728067804319,0.9508323048542057,-0.5940505241292625,1.4191321016311162,-0.6891082178011105,-0.25618251355464455,-0.459630387147961,-0.036657104517538355,-0.31065607514420146,-0.1419454331954086,-0.5977868008584803,-0.7046082117480668,-0.733587072291132,3
0.6784734223892943,0.5687797841321771,-0.36282416570229137,-0.6423918666789332,1.329080179554366,2.485372073628507,1.0921266193664563,1.6523409408722194,-0.35725549197252365,-0.5120233784388741,-0.3975214113062456,-0.7291972441144765,-0.5023400400645739,4.047679035938307,-0.755825130631534,-0.7309119019181347,4.111639193954728,0.8312418096980646,-0.8319531315196101,0.30024031001637463,2
-0.7173636946338455,-0.9043225085021582,-0.6872487529962765,-0.7682672927347608,-0.74924817858648,-1.0256099923289537,-0.7230480263292792,-0.8649073257247347,-0.5378746439814915,-0.7550238912717857,-0.6221989083288173,-0.7291801690180761,-0.6861553001591295,-0.9673844719340303,-0.7551809824728691,-0.792985924402542,-0.819461240352308,-0.7815880759040154,-1.0016103949703303,-0.8900761285095175,1
1.4427764783990504,1.5316949117780498,4.368143168307396,1.9684252107288802,1.3817045263306102,1.7404959906727093,-0.7230480263292792,1.965939855240541,-0.47928430508802605,0.6030117044352251,-0.49769517910228767,-0.6830307175260557,-0.6861553001591295,0.440472954086804,-0.6311148194436518,-0.4185362126543436,0.6501146854938823,4.068540269114188,-0.33016423071529805,-0.4999187217276214,3
-0.6698579212460872,-0.6249401535678184,0.3634408085638726,0.230201577239102,1.6756297660894313,-0.7748957191646366,-0.6352245841238927,0.8172701890464186,-0.4690645283057383,-0.5415098326021964,0.12516521406413292,0.8861397925765298,-0.06791030223254661,-0.10668852121914375,1.826524422100631,1.4807448564258616,0.11059632451431681,0.70622833336619,-0.23414345558748068,-0.07628251166192876,3
-0.5283551051606468,-0.6757890221453824,-0.5759195967379708,0.343854121217514,-0.5498266058422246,-0.7696837136068327,-0.6361380078569663,0.1864894428931915,-0.4076862755307262,1.1695005040257915,-0.46437773424036044,-0.5512749899694033,0.3733975250344504,0.3266524810874154,1.6748050076692074,0.14482052126827213,-0.7304017748098783,0.33381774379550694,-0.7252130439232022,-0.7668096044849132,5
-0.6022511569271968,-0.7493480394882284,-0.5524677927412547,0.12298802461706462,1.4274977474633386,-0.18815258533163107,0.16462855340495974,-0.8172641875306184,-0.46218548299129886,1.5410381087252565,-0.5227194138884694,1.7131350824663107,1.381563318902699,-0.5968157894264812,-0.685968793262246,-0.649055202547685,-0.6536322740030813,0.05167780908859325,-0.13093409599971165,-0.0650447256002003,2
0.5251972918085228,3.6954123833952686,-0.3884457555882376,0.6293790519080169,0.5119033264147047,2.0599084413221322,-0.4770471432929694,-0.7850217475019702,-0.5384909790358092,-0.3363186043692696,3.3256220082066226,0.6244880303124689,-0.5212329114704839,3.1164985229200113,0.7267852284851156,2.9807883786462432,-0.711879050938615,0.5244929661825689,-0.7468994922193496,-0.6542118595516976,3
-0.5506856124666818,-0.6030173045281246,2.122121050853992,-0.5258080003592452,-0.5639155004344321,-1.0256099923289537,0.5574676287909943,2.0296693770559804,0.934221135512454,-0.6335696080210559,-0.5338540328549007,0.6016343978633562,-0.6110449565595895,-0.8066702743675258,-0.6212551320845076,-0.5813630660903488,-0.819461240352308,1.9491104897792015,1.1886712999025035,1.324617399039939,5
0.4510030388894231,0.5229179344006024,4.482156626931553,-0.6363878482248747,-0.7492646497860942,4.375797313033563,3.9888749102807077,-0.8655584339662619,-0.5384909790358092,-0.7550238912717857,-0.6221989083288173,-0.7291972441144765,-0.6861553001591295,3.706324540971259,4.569990907265722,0.37822519162587737,0.6248706035333004,-0.6541224294326232,-1.0016103949703303,-0.8900761285095175,2
1.8497154777351297,-0.9043225085021582,0.7818021820928438,2.119854845184474,-0.5468718724785042,0.5093716679506645,-0.684886779689685,2.086951289309071,1.034512333328187,-0.6258761941737074,-0.5430207402530902,-0.5905745795405873,-0.676486332141997,-0.7696682741068391,0.4801368770710672,-0.5298083781627002,3.733327954186674,-0.43070622211132975,2.228806274832755,-0.7371303539601674,1
-0.71737988125773,-0.3409132568717571,1.716541562494796,1.4729392394842882,-0.656155997790775,1.297155271326323,0.15088012153897815,0.42493376443872843,-0.4745146868291035,-0.606222311706386,-0.5911852087569078,-0.6569512472173771,-0.613376042083101,0.45755909656446,0.8294747185902913,0.06191521718123503,-0.7092193691526629,1.3260184088642772,0.8724675278139848,-0.10774792586228796,5
-0.71736720373264,-0.9043225085021582,-0.6872487529962765,-0.7682756537413501,-0.7492497137543086,-1.0256099923289537,-0.7230480263292792,-0.8649184930515186,-0.5378859094870142,-0.7550238912717857,-0.6221989083288173,-0.729183219786977,-0.6861553001591295,-0.9673844719340303,-0.7551924697760135,-0.792985924402542,-0.819461240352308,-0.7815880759040154,-1.0016103949703303,-0.8900761285095175,1
-0.5295407271561181,0.7661234337942819,-0.6186694939794035,-0.5216627328238712,1.9384247069881486,-0.839919835313453,-0.6192604999262131,0.4547142551698546,-0.4864406104986356,-0.6198526294517656,-0.5801749101515578,0.4723720975314047,-0.6574044565990543,-0.79822795002616,-0.7013428469167909,1.2237111155864484,0.4417821315824186,-0.7815880759040154,-0.7690784904383,-0.11509112715342701,3
1.6717492981694106,-0.6930232439369367,-0.589176409173975,0.4206174410467932,1.519949791022786,-0.800656109823599,-0.6354507323787134,0.42267698550979715,1.7152923034661927,-0.5485065477773627,-0.5616945569484094,0.06469188216859773,-0.015825378891833098,-0.11377726916326633,-0.6922160772384678,0.3846108939415487,0.3816371225802709,0.3477492245694359,-0.7585475530086951,-0.7518988309167776,3
-0.5439870738513779,1.8717394803233516,0.7224999324674951,-0.4960922455469566,1.5807951185425713,-0.7244786740520814,-0.6300144267964117,0.45585124262653226,-0.46277159358250847,-0.5611500042646415,-0.5279741328037991,0.8050360542471066,-0.6160214137726764,-0.7216102982652246,-0.6126883644102461,-0.5363413062426573,-0.819461240352308,1.9565422093272824,1.3453760647489144,-0.6485665110782046,5
-0.6499987480289943,0.6019136328670707,-0.6872487529962765,-0.7492545656455639,-0.6616281821512776,0.49264683385580776,3.659601157747914,-0.6992477736719727,-0.38314453620810374,3.303260955829529,1.6159654420559204,-0.6545594647482283,-0.5234474623516947,2.138435686785721,-0.6079782727990743,-0.792985924402542,-0.13261595711260427,1.424199777682134,-1.0016103949703303,-0.8900761285095175,4
-0.71737988125773,-0.9043225085021582,0.6569522287091207,-0.7688887993087606,-0.7492646497860942,-0.8153785030717379,-0.6295495002047731,0.49667827788146546,0.7587316285877275,-0.6483608804368957,-0.5417956800497762,0.4854061524345922,-0.6082535147461539,-0.8013453937552368,-0.6422032623201098,1.2055780314977673,1.9313948776541356,-0.7815880759040154,1.1250933752402164,-0.5207304180269887,5
-0.6654661307535601,0.4878490697092387,0.5181983541420956,-0.6777956815892584,0.6277907869765265,-0.7503011411607479,-0.5997323753428528,-0.7387893464917168,-0.5084296210626083,0.6319358413245199,-0.6042056757908967,-0.6727704290423383,0.5690891853630625,-0.765679501471036,-0.7141512188747533,1.2836310530213384,0.7653484185753848,2.243370511392535,1.0595591772367712,-0.4582693887709531,3
-0.6649281605959234,0.5682004049850506,-0.6872487529962765,-0.738214941220018,0.5876176490872607,0.35343485645709954,-0.7230480263292792,-0.7361916525064279,-0.4579169684680008,-0.046026845317999616,-0.5809905589950501,-0.6499715715405697,1.043861663789369,0.36176108379085486,-0.685103132622641,-0.792985924402542,0.6557214953802474,-0.7815880759040154,0.18074475800958345,0.28522382459640694,5
1.1834648092452869,-0.9043225085021582,0.6658706496663128,-0.7688887993087606,0.3801027579698253,0.388237150506556,-0.6447802051259254,-0.8655584339662619,3.6620628790397634,-0.6374091100404055,0.662094025153174,-0.6467079020714658,-0.6344456642002861,0.31571587959725295,0.7337695283226096,-0.792985924402542,0.4521060170285515,-0.7815880759040154,0.32153241615294836,0.4251713924627608,2
-0.5975183812497477,-0.5516929251562516,0.1728681212028444,-0.5928852293928576,-0.5498831483475763,-0.10435574773072709,-0.6298715748855308,-0.6398597660791627,0.8492352927091569,-0.16636079375045665,1.3169923963905596,-0.6708173491416761,-0.6015311150482205,-0.7782786550126913,-0.7014212055348833,-0.5797684417252674,-0.6493090960085685,-0.579458242254346,-0.36298254303357613,-0.29081830393345826,3
0.5479873888846526,-0.6885961102233354,0.8757936722751544,-0.6277848401400132,-0.6202231452216064,0.5442713558521439,1.466453280199756,0.5793814393479365,-0.400110359870117,-0.5108684839882209,-0.4272649049366834,2.0587809590473025,-0.5841130770669432,1.2872098414622226,-0.755825130631534,-0.689016950449845,-0.43989305598517675,0.8329428120435256,-0.893432142120511,-0.7831073991451776,1
-0.6273041655834289,-0.12051832014270036,-0.5273444960436519,-0.6699794717454705,-0.7492646497860942,-0.42762341472976867,0.9369467889158913,0.49830592143956653,-0.5384909790358092,-0.7550238912717857,-0.6221989083288173,-0.5920409432750654,-0.6861553001591295,1.3073464224264155,-0.5208069392684235,-0.6959480968124414,-0.7448786933927586,-0.7085816955773826,-0.8737396228517421,-0.47244522606156975,2
-0.6848029003832723,0.5920010436031632,-0.5940123569597516,2.1092499193096894,-0.610480909754451,0.5104124293468543,-0.6579589707422688,2.3774617908104063,2.134516879430143,-0.644350027101872,0.3849437569429954,2.1480620386791,-0.6455808917021341,-0.7950943736444301,0.87419741320973,-0.5592705212748807,-0.6748983670167329,-0.543699791842641,-0.7877659976620439,0.009319862143388792,4
0.10934432444813874,-0.7537528217953815,0.8381714297813325,-0.644932857872823,0.10548590145965209,1.6003855167045764,1.8864406456369462,-0.8057254008830255,-0.5384909790358092,2.8315533112651208,-0.6221989083288173,0.7432446662476146,0.3721399723254501,-0.5157833077558093,2.0072784931846632,-0.6497577410741268,1.7193388724051402,0.6601000857834487,0.18765984590303553,0.33182118970630303,2
1.2351707188124124,-0.9043225085021582,0.6814160397956855,-0.7688887993087606,-0.7290380867247309,-0.815608487808619,-0.6372950100103166,-0.8088705470479719,0.7590726881246327,0.3876383077768246,-0.5086500344962153,-0.6090966971848366,0.39050305501112476,-0.7855666290044924,-0.6689909463912107,-0.792985924402542,0.3379193211288815,0.4044468794211278,0.6693955825176504,0.770958833812592,2
-0.6606964424388561,-0.9043225085021582,0.8413834342731573,0.7634247856467428,-0.6790125848538265,-0.7945377065211209,-0.6292466541814198,-0.7325198884632872,-0.4196087297415992,3.387210478366588,1.6913203492228566,-0.6636745518120906,1.8765189851982518,-0.7743132011749942,-0.6307737496000415,-0.792985924402542,0.37061845315138,1.8210949348497596,-1.0016103949703303,-0.8900761285095175,4
0.4981024349476031,0.49341024312815146,-0.5187723265835933,-0.6291896035521779,1.618271817396865,0.20170500368039318,0.2726895052905634,-0.7450536015395601,-0.43624153990104325,-0.5464951842570707,-0.5441180271322571,1.8794674510081575,-0.5636558008702619,-0.6941374923803337,-0.6362599425213173,0.45452002965515803,-0.4937846346766264,2.0308278929193695,-0.6703248491061542,-0.721116749709029,5
0.2285769850510786,1.4066477555192731,-0.5118273562848339,0.40275011142678435,-0.7178657577085662,0.1339429562111364,-0.5389203676073321,-0.8046380763240242,-0.5384909790358092,0.9786566887804181,-0.6221989083288173,0.29947928107655625,-0.4116035997247225,0.29763617784797775,0.367430907158768,-0.707113594066877,0.24876438562498215,-0.7094663096778145,-0.22954888540122378,-0.7967917971558193,2
-0.7173683316933479,-0.9037148986497174,-0.6872487529962765,-0.7688672047289191,-0.7492506750960471,-1.0249887009612506,-0.7230480263292792,-0.8655342753815773,-0.5384801122317939,-0.7545217737344706,-0.6221835010052741,-0.7291847346372505,-0.6861553001591295,-0.9668269849460774,-0.7558046973104656,-0.792985924402542,-0.8188701959271065,-0.7815880759040154,-1.0016103949703303,-0.8900761285095175,2
-0.6339972765247013,-0.5458253691437316,0.34173305594962866,-0.6055293538168351,-0.6650225003472445,-0.154998082357002,-0.6454312780576903,-0.6786925506074499,1.6151828004362734,-0.25265140914368417,-0.5344386110426393,-0.68778884679547,-0.6240196326622117,0.3530589400165992,0.8016796369315847,0.6536641496003299,1.6122689621069604,-0.5845988449000472,-0.24383992647372602,1.112852110539189,3
1.9262088027288766,0.4494792442634813,-0.5662060706156561,-0.7688887993087606,2.003855926777695,0.4068109648212865,-0.6469598715740195,-0.8655584339662619,-0.3978359567890169,-0.5742630286933774,-0.47802582716555386,-0.7291972441144765,0.24266607435561888,0.30440879376231667,-0.755825130631534,-0.6301935451894696,0.6087609710130167,-0.6186078931589679,0.02715615432008667,0.3315579784036512,5
-0.6696814502580857,0.49178442441641723,0.5449427112594574,-0.6828508144606069,0.5893196623023279,-0.7755640865234746,-0.6108438420668595,-0.7409545615888058,-0.49624454290913783,0.6139769085819319,-0.5966088570342571,-0.6668700200675213,0.5253749379379192,-0.7747851612788604,-0.705032831803178,1.4029651052170145,-0.658086051282091,0.4983067939429885,1.1107492380311796,-0.4562472541809145,3
-0.6216059597994489,-0.5800796203114198,-0.5687522323643689,-0.5731785339170166,-0.6169436868343029,-0.6310688686841219,1.3701130861114303,-0.6690506508038304,-0.4373025177435483,0.3558833579439907,1.7365176718529198,-0.6176831501000811,0.3206324396359008,-0.9673844719340303,2.1404051852796857,-0.6310729539665522,-0.6367843064783734,-0.5975438573500427,-0.30611956361167464,-0.3067421018821521,1
-0.6479405725833925,-0.8217509699359746,-0.5237608534565501,-0.6624257236761105,-0.6554305931031189,0.19376962505660794,-0.576835394430259,-0.7227925922271203,-0.4880004016569004,0.17949179751284913,-0.6198350788805922,-0.6883015794657006,-0.564930083912306,0.0713440186644216,-0.7439169780833691,0.2869160698268241,-0.3168485808383591,-0.6381784471435312,-0.21365216795752323,-0.6401262555343431,2
-0.71737988125773,1.9276588565112358,-0.4532805263970131,-0.7688887993087606,-0.047880762808281706,1.008281026530845,0.8775251142424901,-0.7860479805803462,-0.5384909790358092,-0.6182585626540202,-0.5805047506229273,-0.7262159123566536,-0.6262147161472721,-0.7863697935066559,-0.6601671027767655,-0.68623371486172,1.9474562503901285,0.005879643034678924,0.3786639952248006,-0.791346678120296,2
1.6458316028722308,0.39233736061521435,0.6179484883996876,-0.5953612683150671,-0.6409780041266411,1.7067072080369932,0.4825134080319582,0.5480454193940985,4.873442737287925,-0.7550238912717857,4.4358316640684885,0.624239233835961,0.3303004582655769,0.3665406306117078,2.174255978795207,-0.6919222433664599,-0.7021603458059602,-0.71171487492896,-0.26367410200217206,-0.4111484331173185,2
0.0817857061242336,-0.7234352918896375,1.930501594392159,-0.6760559296873513,-0.619586384076846,0.949513633079872,-0.5531770101156597,-0.6316044903227702,-0.43630420514378365,0.7885359629513338,-0.497988833609166,-0.5957903316518836,-0.6037878053677362,0.7803186065220908,-0.5484374863207864,-0.6542852815728176,0.030500664173537084,-0.6462295483356145,1.1607239226239292,1.1630394874547891,4
1.4961116612635699,-0.6970047676223233,-0.5795288403787927,0.3086716939008257,1.4396017821750169,-0.7859336226006969,-0.5757469812760783,0.28544203271467,0.7867703164438314,1.2549891793819075,1.6645563860228736,0.4064717738741294,0.22802659580855877,0.044170551946470946,1.6340006365697712,-0.6604126032804165,-0.7211227594941556,-0.6127139657351465,-0.6843904736668589,-0.6868143252628646,5
-0.5070026111815662,-0.6946080538639235,-0.5795302046871703,0.5120860740670818,1.4425082411696868,-0.7900419402169047,-0.5733624550685058,0.3294570599363072,0.7349701458613186,1.2434008290499394,1.6513725307229614,0.4167998175201456,0.2413949107147491,0.03524403704137257,1.6467014303506609,-0.6602108707820588,-0.7140011143007395,-0.6190494187062698,-0.6835533580662766,-0.6899031592981277,5
1.433051001532005,-0.6531560232626042,0.2512964752237844,0.44326829256782985,1.5492276846488537,-0.4977910762496903,-0.5922523852876864,-0.4585649237997273,-0.5384909790358092,-0.48721211585030694,1.7093849569129942,-0.7291972441144765,-0.6158301480040526,-0.564870107022367,1.79226636152846,-0.5787844321551344,1.5206400525976385,0.3493808879001238,-0.19463915831410353,-0.23551900100175857,5
0.46157995533474006,-0.5163340230195382,-0.37972205730936986,-0.6726467572988134,0.3090147022869312,-0.2715139783871541,1.056699275448434,-0.765179299476451,-0.400905072597669,-0.21819508123147427,-0.38316402655586673,-0.7291972441144765,3.213309829820786,-0.9673844719340303,-0.755825130631534,-0.2532151149349388,0.20938405271665297,-0.6437618143030394,0.30186927917866413,0.6331095210781115,2
-0.650688870269725,-0.008355856822155686,-0.5295933721085566,0.020211940454811915,-0.5934926078536703,0.3556126690170874,-0.6347697983156683,1.6103540293956236,-0.4616593115508418,-0.6060308964600608,-0.5145820164549739,-0.6464494517087505,-0.5899959967191045,-0.7886493801139118,-0.6225968738347393,-0.3416722162075689,-0.6503429519913443,-0.51590230458068,0.11698431386111796,0.6253338859218538,4
-0.6547691251671393,0.7706946640621286,-0.6872487529962765,-0.6543558140336041,0.20668417568909112,0.5997527564629712,1.818689416723564,-0.7052856537150037,-0.4683338545328839,0.11143213348887858,-0.519235261793316,-0.6797049960490161,-0.5910197899949114,0.163156690543949,-0.6399100220147459,1.1285766978252616,-0.660720959434071,-0.19961225558766446,2.4016985811104368,2.4929250534210095,3
-0.5751144820037862,-0.7719826400867353,-0.44520317468651155,-0.6306933519593052,-0.7492646497860942,0.8620338755327103,-0.4994447806841901,-0.13299188206762036,4.054537528743317,0.09547592256896317,0.34539925336519983,-0.6891903166332942,1.2920400991612295,0.6422715667607939,-0.6240881711487413,1.061727604957663,1.3984382095193304,-0.7377332418947504,0.24431371418995246,-0.16030808680143827,2
1.7907535594465038,0.3193985548569886,-0.5900162258597903,-0.7688887993087606,-0.7492646497860942,-0.7917025616909311,-0.6390924268489444,0.46359488103061897,2.479487888500537,0.5650804998586841,0.9532154928129678,-0.7291972441144765,0.5139308777723139,-0.76905701607526,0.6043710594240483,1.5670268112430443,-0.5886111698697993,-0.502655866912253,-0.7378637129855904,0.18180151770439135,4
-0.71737988125773,0.5072754266387186,4.265877125449699,0.6185577720162413,-0.718219210403,4.1498112288622035,-0.41642977186361113,0.5935714774802986,-0.5384909790358092,-0.2629714569364766,4.330477410468235,-0.7291972441144765,-0.5256093290813073,3.833017190766727,-0.755825130631534,-0.3492817246398035,0.21613974579043232,-0.6576947194448297,3.0773018435316897,1.7269849696343558,2
1.459647350879139,-0.7660739656096234,-0.4410435432132414,-0.6722224715576091,-0.7492646497860942,0.28519804975612983,0.45291193945691616,0.7561723598763106,2.3979023701140854,-0.6954298107421942,-0.5913404303522628,-0.6584965851710372,-0.629526317335901,-0.7870110139139416,-0.6412849881652855,1.2661709703669983,-0.7288469822639396,-0.645135227869796,-0.10064513485354112,0.22386312035218825,2
-0.6718136676897739,0.4940214391544114,0.8754547538054617,-0.7642805315001078,-0.6782021600258711,-0.7134942872728692,0.7013592227928184,-0.732815703688309,-0.47050224058841916,2.741558374618531,0.7687697899304482,-0.6504027752665663,2.4827106505925616,0.3405001372162492,-0.6217097778661999,3.048236577025643,0.7531838128086922,-0.7815880759040154,2.4829192478502957,-0.49924833747451924,4
-0.6401393919607012,0.46616163813143674,-0.5397816669930472,0.6309227632087338,1.312982184778737,-0.7844840245460362,-0.6311923660853915,0.24766853594345978,-0.4627892888601647,-0.6067449891506024,-0.5255193190947908,-0.6490713177954809,-0.5875098834206153,-0.7817227315305806,-0.623470072032562,-0.3358641733066626,1.571204631911748,-0.5080680427921646,0.039833260652959904,0.5867942811327546,4
-0.6605313337614697,-0.35566811008699944,-0.5435122836550568,-0.6482383300715122,-0.7035755904942677,-0.34114346405627116,-0.6720915758219784,-0.7507336320468614,-0.5384909790358092,-0.7150672380424478,0.7832173751110995,-0.6794817743613941,-0.6651006765769718,-0.34418258556187514,-0.6512917934075776,1.0302710800960033,-0.7488431793389102,-0.7280426339009965,-0.8336917492255732,0.18109030342427018,2
-0.71737988125773,-0.709440699526021,-0.5024187719960593,1.564668669213957,-0.7492646497860942,0.14255099234898522,1.4784088731593181,0.569174922562282,-0.45858569486691925,0.2177355850630124,-0.5650298897930142,-0.7110621258093639,-0.6861553001591295,0.10925883605618145,-0.7092339059946939,0.1943988272950047,-0.6369244372067051,-0.590773964061867,-0.08056928062970413,-0.7220535254526255,2
-0.71737988125773,0.4291606670228723,-0.5771869953978733,1.7765931502152772,-0.7492646497860942,0.2829836795890874,-0.6208719630885601,-0.8655584339662619,-0.31984789676276515,-0.509102457664909,-0.42713187028389926,2.198856473371471,0.018035162443951498,-0.028594805020188418,0.06359212400380934,0.19324595215372836,-0.6119685132053584,-0.5683886585083697,-0.7354918237383496,-0.7419938064253068,5
2.027331680934499,0.7886820414096398,-0.5660301205582468,-0.7688887993087606,0.7678014727242334,-0.80196430862985,-0.631566629664373,-0.7218784087046097,-0.45877130943609973,-0.6137213858780654,-0.5256689546690254,2.115906475723004,-0.6085951664690975,0.5344866029216501,2.360246475878363,-0.5497905602170119,-0.5833834811669882,-0.5833040542600344,0.1974126874329492,-0.46061033382873057,5
-0.6781941774728555,-0.7521630996691623,-0.5967924501004537,-0.6075486695987116,-0.6752020860776421,-0.8258623551763815,-0.6317015982516629,-0.7429614674657353,-0.4327344743414335,-0.5797572051358544,-0.5075813728442672,0.8652419724388257,-0.2262892349846569,-0.7972245677004113,-0.6427047559772419,-0.22998298156383581,-0.6975174163534155,-0.5891497468273031,1.0166553552215634,0.9220144458453771,4
-0.71737988125773,-0.33291854942149174,-0.4274494497668298,1.488304904879042,-0.6702410947496006,1.4916313938382932,0.6524480570616029,0.14292590600739016,-0.4745018772356653,-0.6084468456523147,-0.5922708877913059,-0.6586203334169589,-0.6173167881845182,-0.11459863927118727,0.19815711707038566,0.002424333724971947,-0.7225484055983953,1.2929171771350918,-0.5315406667165066,0.31079627775706953,5
-0.6272586782291848,-0.5863455615496624,0.5459787401542954,-0.6188442126665622,-0.4962739919175086,-0.8213987144743142,-0.6309513715044132,0.5797142091100185,-0.5384909790358092,0.07591547736917946,1.8540644654363567,0.7298170038094909,-0.6261239220982989,0.08357253551275007,2.091752402651834,-0.5956930172472689,0.4577165599929009,-0.592477494877912,-0.10179638918472568,0.06110302039872321,3
-0.6168245227390042,-0.9043225085021582,-0.6872487529962765,0.7571596724341025,1.3748287459929807,0.5609800178545852,-0.7230480263292792,0.7585394592866567,-0.47013855038335634,1.916447588349124,-0.5942973770644064,-0.6499176220551207,2.956799594813231,0.4377831316277029,-0.7147325188147381,3.676311148788178,-0.7078656256307632,0.6801935383866426,3.1855008845635324,-0.5350592458961222,3
-0.5492643764909012,-0.9043225085021582,-0.6872487529962765,2.116043627194051,1.8491335950577943,-1.0256099923289537,0.903814666731917,-0.8655584339662619,-0.5384909790358092,-0.5642588534616519,0.8773696685529158,-0.7291972441144765,-0.6211749530866085,0.7078442048037545,-0.755825130631534,-0.48977290550676683,2.0497600951394066,4.137065666663194,2.7354972340340806,-0.5424372643525174,1
-0.71737988125773,2.329647426408869,-0.5350430121820999,-0.7688887993087606,1.50353206130907,0.9112613547036382,-0.6128083620537653,0.45693984724573133,0.738896893619453,-0.6138088437755015,-0.5430107883243385,-0.7291972441144765,0.6409216375866662,0.7223438684996967,0.5590762764605153,2.531921806070048,-0.819461240352308,-0.7815880759040154,-0.9909887581568241,-0.28424111408035685,1
0.5342521987485754,-0.7358774759992807,-0.5884010941252459,-0.6570153188449235,0.5402416181856299,-0.8245046173233636,0.7058700931965759,-0.7313216038978118,2.1847601824307743,1.2925087633537093,-0.6221989083288173,2.078824328199036,1.169472858683247,0.46818510070137004,0.8800446747730283,-0.7205447328421705,2.181687441955835,0.653596566973656,-0.8384196256850267,-0.78386859297094,1
-0.6932405981765256,0.42618512609469833,-0.5875313591512177,1.3210250198158446,-0.5821599495214843,-0.7807060203726698,-0.6300906586510905,-0.004253051950856265,-0.4272757326519775,-0.5672459543290785,-0.4931841903706087,-0.5691133096558106,-0.21254362103502536,0.31201042567978415,1.4028860640180498,-0.1332021674881636,-0.6398671845547982,-0.571083907599427,-0.7933966884030218,-0.7809547562459354,4
1.5987636493062471,-0.8005780538120739,-0.41426878964777875,-0.7044245959127791,1.2259048860744568,0.4916876894749544,-0.4825072806208255,0.655668151555515,0.81607339067704,0.3997360745205958,-0.5523564526264872,-0.6766943744110099,1.3459308833011758,0.37788235082844895,-0.6314891508411109,0.4156540789369985,1.5366695890143067,1.4337728907885423,0.09920144019771492,-0.7375806139430093,2
-0.5747368571174989,-0.6761172732186008,-0.5562843372253345,0.10587914219360933,-0.6153170524295646,0.514263850176637,-0.09368712658555697,1.6268403257840478,-0.4203323181896704,-0.5254128448576195,-0.4696587914056079,-0.5561907870931265,-0.6350750774523523,-0.6384067478367478,-0.5363964616057054,0.46643059956924515,-0.7294930885959605,0.5914017417384435,-0.8054044520045139,-0.7406969352445221,1
-0.6933246552016499,-0.7168278219408889,-0.4076184531067909,-0.6754699461547804,-0.7008020254749909,0.6613858385804021,-0.4129397737064251,1.74640030880176,-0.4442647621046095,-0.42458986808913907,-0.5659135743450735,-0.7029122296621838,1.183201165900945,0.8491298557389934,1.9291751075851924,-0.6019694962957818,0.28044753927531524,-0.664999745870719,-0.5040418519752891,-0.4780115707218426,2
-0.71737988125773,-0.8011803828697663,-0.5210511727151762,0.45632298842961183,-0.7492646497860942,0.40238655564343556,0.5226661565487315,-0.8655584339662619,-0.5384909790358092,1.7967350973473202,-0.6221989083288173,-0.7291972441144765,1.626440703212956,-0.9673844719340303,-0.755825130631534,-0.7596188845451348,-0.7851420398303922,-0.7639660299411367,-0.9153069041554902,-0.7882356352305016,1
-0.6186777221664929,-0.8199870893295333,-0.5228617647007485,0.15736085781842427,-0.7130869010505968,0.06834864145784098,-0.5149725597278235,-0.8217026570231032,-0.4816466830645081,-0.26327560636405795,-0.6037944935705467,-0.66703774978484,-0.5540141741962797,0.2949970586328176,-0.7501007772411714,-0.7130511225045333,-0.5831600223481758,-0.7155552040554034,-0.47712286015813266,-0.6270717952785776,2
0.6012305766984352,-0.7081735806706945,0.5413006141467508,-0.6051267146155224,1.761902358571051,-1.0256099923289537,1.5821288713694737,-0.8655584339662619,-0.5384909790358092,1.4055802067138035,-0.6221989083288173,-0.5651316789279237,-0.614046005353056,1.406324422153402,2.0983049176760273,-0.5734981705487399,-0.7409107055592271,-0.6667982871549443,0.03475613295215367,-0.013834463682843278,1
1.101376127215958,-0.06704577971531617,-0.5527106632109052,-0.7226062084032796,-0.4450644452461825,-0.7549667128521615,-0.6353399503631768,0.23747050759304875,-0.22267569837977785,-0.7550238912717857,1.4885807387705359,1.5745828990298008,0.27242843567692493,-0.7466774808375357,0.372661406154057,-0.5345889406431156,-0.6662273607298523,-0.5586261361382996,-0.7519065159253366,-0.3137500543335454,4
-0.71737988125773,4.378441437330109,-0.34405797741877603,-0.7688887993087606,-0.7492646497860942,-0.33058152852519,0.045014216027226016,4.79560259968933,0.44702378139367976,-0.6351053040976592,1.8189627768711383,-0.6442418573246188,1.2115786642466249,0.16029636922184978,-0.5568660502885023,-0.44455461758447906,-0.5074931367567844,-0.5057036895456162,-0.19702369136464265,-0.4867962992766068,1
-0.6406352405826651,0.6926793130800746,-0.6872487529962765,-0.6488406282673856,1.370846232194024,0.5619293697711794,-0.7230480263292792,0.7595112544182282,-0.45355776526996583,1.9336456434447673,-0.5795210546197072,-0.638901819641398,2.99219424993239,0.4609082100292495,-0.69560255398473,-0.792985924402542,-0.6916587704379487,0.72072258718263,-1.0016103949703303,-0.8900761285095175,3
-0.6580682199010388,0.3518150943545902,-0.5335546491848605,-0.6914277409817682,-0.6248981221041006,-0.7945715781062272,-0.6573080420829075,0.7584271172989991,-0.36061277793069685,-0.636898703477181,0.36584498444661817,-0.3594891690958936,-0.6478135666950219,-0.786612372270809,0.46511806308110915,-0.5592643528592137,-0.654362355750864,-0.5622104153414684,-0.8179947756611741,0.03678375928118177,4
-0.21578165334381524,-0.8557835503637329,-0.4962899506409535,-0.7419001389538566,-0.7492646497860942,-0.4901869891581604,-0.1393316332384655,0.7051160013368369,3.6935328482585734,-0.7550238912717857,-0.6221989083288173,-0.6225627264793518,1.3010514109894982,-0.6244325453073245,-0.5946013318575736,-0.6910664521690967,0.624262726649635,-0.6922145913110354,0.39247078016009174,0.26925364849273625,2
-0.6428196350929549,-0.24852935644778662,-0.35804211513624024,-0.604722732923153,-0.6559272985910254,-0.7748607582178784,-0.6643552203540544,0.007059648263118905,-0.3894718828878418,-0.5449102350860872,-0.5518540371931838,0.0666549716442816,-0.6500180107004861,-0.7152106364910694,-0.5740512062044428,1.2334308327427737,2.00014430040602,1.5260397137737431,1.1480853070759733,2.8596006905048266,1
0.3268950724512306,-0.8024750927274484,-0.5031966191192913,1.5251512628001234,-0.7232870286542111,0.16443583907641185,-0.5465170470376188,-0.8305678176881792,1.2551775973487602,1.233120182622908,-0.6221989083288173,0.4041773052973164,-0.5560697299805895,0.31895269032966334,0.3603470857549527,-0.7163949720798644,0.4375012649635777,-0.7149851859761773,-0.22401175041581026,-0.8002173615008374,2
-0.71737988125773,-0.8433401186735332,-0.4813630528983222,1.0137578713377062,-0.7492646497860942,-0.4906965410779592,-0.08575790189524637,0.6965383911977487,3.6988935725626617,-0.7550238912717857,-0.6221989083288173,-0.6149553560116215,1.3375900739807585,-0.5759333179505314,-0.597803203154431,-0.5058346650250609,0.5954443622233196,-0.6855408985746804,0.37346772238204573,0.4350474602062549,2
0.5821115968873672,1.6166703342547155,0.717723080438552,1.7089717790781165,-0.5845116529179861,0.4424167084614184,-0.6233327968598628,1.754141251459608,1.8259483236340188,0.4724925900830399,-0.6221989083288173,1.5393788022499015,-0.6132205342370972,-0.7615040067902111,0.698517329613752,1.3431702276516329,1.7180154914276535,-0.5556324562181244,0.2795766117842062,0.3834659414543854,4
-0.71737988125773,1.9760276809793718,-0.421354133804371,-0.7688887993087606,-0.1322856050404985,1.0598228655430852,0.9185072968632977,-0.7621528285856997,-0.5154258171667233,-0.628453642659697,-0.575380252007062,-0.7291972441144765,-0.6321360360756745,-0.7937902391066618,0.16966672476567488,-0.792985924402542,-0.5813526190530665,1.9375063066532794,0.46910105837538485,-0.16253642451114783,2
-0.71737988125773,-0.33511690013947915,-0.4155316308265864,1.493799643258611,-0.6524047908437379,1.478011853739167,0.6342322202432472,0.1769435453791603,-0.4805947618322132,0.019018266808200856,0.25850468733364085,-0.6628790637287358,-0.6152987484533397,-0.107610961792535,0.20210783837679908,-0.0026163320028561947,-0.7423240734933604,1.3563603445697088,0.9024482184887043,-0.1668013630745765,5
-0.6537698103341255,-0.6065040204614943,0.5455290384086562,-0.6560432943752555,-0.5175648789243257,-0.830370714557326,-0.6297028853778425,0.5832081478081211,0.42061276591139235,0.09560974544440853,-0.5732618713953761,-0.6744650475578423,-0.62751535086079,0.11178099514519639,0.5012232907077551,-0.5911164470177881,0.44639949920584526,-0.5905836146884317,-0.0966522924681089,0.0780115964184677,3
-0.6682572834422209,0.39284498703236626,-0.5879907339017132,1.2394337905985444,1.0451172065039753,-0.7857166408317483,-0.629977117849477,0.43929761904264525,-0.4237113308761705,-0.5718933520373648,-0.4931225051223036,-0.5792964308091582,-0.23823698522644107,-0.7594616591870058,0.007256687434296909,-0.1750091908969571,-0.6165307919219377,-0.5671279455460787,-0.8116438529069613,-0.8001178324845561,4
-0.5362134754466699,-0.7086846006840991,-0.4702405755119965,-0.5265822587212647,0.5841185992665008,0.722263192910504,2.018625205584975,-0.6941304504341971,-0.45813752285949044,-0.5262906417258475,-0.5157976549979743,0.86562553013285,0.5306171617352596,0.2468948353259423,-0.604678313462077,0.38812888439758214,-0.639311652128756,1.8669750998764665,-0.7164594670751963,0.41098464806729645,5
-0.71737988125773,1.9940822193704906,0.7299684767323782,2.0799264347527355,-0.7492646497860942,-0.8321651309933347,-0.6333770849179987,0.6537939113028438,0.8216236678870804,-0.639650703498909,-0.5335092412180711,0.5370159092118986,-0.6136167728639288,-0.8027834162494502,-0.625798781826798,-0.792985924402542,2.0473367564173897,-0.7815880759040154,0.95616442489695,1.056016505486948,5
2.0977322772228852,0.43407745469316983,-0.5703094564709488,2.3989473030232404,1.9414150237135,0.16871310114336888,-0.622031380567051,-0.16832947548548338,-0.3572839845545602,-0.5436061180165329,-0.4411277036618212,2.1763171560151684,-0.06251225202199391,-0.08773595141277532,1.6899442448996547,0.29875493172899314,-0.611126059801556,1.5284425461501208,-0.7125018391649864,-0.732801481395435,5
0.8151548425818996,-0.792450122646758,0.6678565071063374,-0.6845301641601051,-0.6980270416911124,0.2657560325258184,-0.7230480263292792,-0.8546806200519403,-0.445120669666944,2.7999570328481194,3.2429170535724903,-0.7291972441144765,2.535635908905112,-0.9673844719340303,-0.755825130631534,-0.6881706999816662,0.40576501933127096,-0.6413490079909637,0.05487645192354861,0.15851886422280406,2
-0.6151983802355536,1.423105210038969,-0.17522877967060788,2.0828829680833194,-0.6403993282342036,0.8229540269716974,-0.6427495749332737,1.981676594038282,0.4146411157120252,-0.5993422102966395,-0.463637602938555,-0.6294348868328314,-0.6528486041953518,-0.7592236315446677,0.345194155924012,-0.792985924402542,1.9961217644542355,1.8657745448754772,1.0678006587940176,2.90360174719355,1
-0.6305743100536231,-0.519789147511673,0.381111598296525,-0.6139228100373268,-0.6033544900805783,0.35788795894054104,-0.6355019959444776,1.3990156494026778,-0.4639156453265999,-0.25859969649158154,-0.5492910309245282,-0.09573443253863985,-0.6184503954337469,-0.3465638538420878,-0.7016392085675738,1.2307299354162833,0.08632949141369997,-0.5102296820285417,-0.3003546484763344,0.3159901636841201,3
-0.6294774088077715,-0.7838648560873773,0.8928979870192444,-0.6700114231143764,0.09571144540782936,1.6101056228375237,1.910717840792376,-0.8286062967541677,-0.5384909790358092,-0.7550238912717857,-0.6221989083288173,0.7182318646387599,1.5344751925512665,-0.5131470859183853,2.0174052435843493,-0.6459251709675603,-0.6438784789075248,0.1264104998567126,0.23032655940487873,0.3791548190908224,2
-0.7173721788708329,-0.9037511347800475,-0.6872487529962765,-0.768875528201639,-0.7492553799627285,-1.0250269670540584,-0.7230480263292792,-0.8655442849314658,-0.5384909790358092,-0.7550238912717857,-0.6221989083288173,-0.7291873429135814,-0.6861553001591295,-0.9668631361662979,-0.7558121845819985,-0.792985924402542,-0.8188979137068351,-0.7815880759040154,-1.0016103949703303,-0.8900761285095175,3
-0.6465105325523763,0.03614735086133616,-0.5326955990978877,0.06268261783414195,-0.5925303441296527,-0.7935846086452518,-0.6324403767317378,0.1546009793749734,-0.4651809422345967,-0.6070289906130253,-0.5294482155938983,-0.6441311990992501,-0.5906314851581942,-0.7925678226692994,-0.6135409315956546,-0.5300491814680617,1.6108786472979566,-0.5336055817735479,-0.5422007080779443,-0.45699565928445873,4
1.5181039807952141,-0.5836607442366213,0.43884346779206196,-0.7016076908588895,-0.4936453548025665,0.06420262636621428,-0.6259605487107118,-0.6342384476223832,1.8647378266937764,-0.6248294229334486,0.7507597425354684,1.5387963543876475,-0.6184298334207063,-0.7783377780773291,0.7510300272131974,-0.5641438485589937,1.7602163070629981,-0.5742373231996657,-0.1979029352342376,-0.07644286628097338,4
1.9325832446519222,0.7413667322516514,-0.5848758863738875,-0.7688887993087606,0.7486361761178187,-0.8032077880217401,-0.6310012989419205,-0.7245924450640209,-0.44960411626009505,-0.6402271571584256,-0.515892012236658,1.9830250214514447,-0.6160912656775706,-0.8110330887609492,0.6276977432761591,-0.6082638436079033,-0.5900706817222375,-0.6067650067491163,0.24069738446473093,-0.4402144454646855,5
1.6333700942851808,-0.5937853106541153,4.439448530242728,4.277584688107278,-0.6559528793392497,0.47185436118034474,-0.7230480263292792,-0.6558607214758395,-0.4368004541883109,3.1121765424832932,0.7130300020737821,-0.6554165439511328,2.818592721588989,0.407128116130055,-0.5305776340291299,-0.42089346258295185,1.827875083349442,4.255388419434469,2.995339810461274,3.2435137187859513,4
-0.648695232998616,-0.7348543869731197,-0.42229700869384396,-0.6353680247255667,-0.7492646497860942,1.4862084696305706,-0.48646263245717003,-0.8655584339662619,-0.5215298335119047,-0.07197343787351206,-0.5199145438995743,0.3451063581816414,-0.1254125032090188,0.5344459584448992,-0.5997552229599143,0.986878787609998,1.3301656043115915,-0.7423713046988365,-0.0639338514986829,-0.08916505916101576,2
1.727840851996543,0.5619469375127287,-0.5565850488566138,-0.7688887993087606,-0.5450757112518022,0.11359902046870074,0.27785063219291667,-0.5753286041419996,-0.3942680112992287,-0.5733444306177834,-0.48332657004229357,1.7841147995745863,-0.6102260182517781,-0.6958362521730186,-0.5537083189490256,-0.6516821603464396,-0.7077513185050862,-0.6175031155720511,0.11262140095188879,0.3667744311783514,5
-0.6065401378793565,-0.525781351878104,0.9544770531288184,-0.7000724312036913,-0.6772318596896225,0.42904736623111966,2.935270256581226,-0.7318860828628189,-0.41269241773159204,0.4859757650802753,-0.3968814119688212,-0.24054732173220172,-0.6130482595300745,0.4870569583945575,-0.48315269629484836,0.9145493055996098,0.5935367270085233,-0.00671234682472518,1.0527847891048299,2.4121865434417105,4
-0.6212416158945973,-0.7349827863242073,-0.5988410215383435,0.3864369606877727,-0.5930182868073612,-0.8298826735237677,-0.6410507266095742,0.33177491420025923,0.4086084514662594,-0.5216004255577719,-0.5571176955791608,0.11865976515268219,0.033217329930729546,-0.07731459149413225,-0.6871572964046955,-0.029731852975796832,0.18627511454442444,0.16419869163210396,-0.7589764051940087,-0.7273960807432078,3
-0.49126427639343895,-0.7082943557355044,-0.5890483827242688,0.6242695349523083,-0.45206410005265707,0.2920173452404473,0.17510332071232226,-0.5524088487059242,-0.4277245741122869,-0.4354621088862128,-0.4790521117293126,-0.5208219831907691,-0.6178205027424382,-0.5522413838950744,-0.5295110426628488,-0.6986094474014876,0.6655100836326726,-0.6832653632857533,-0.8956733900619246,-0.7801056113652026,1
-0.6146578940955282,2.178252810718697,-0.6872487529962765,-0.660916723097748,-0.7492646497860942,-1.0256099923289537,0.5756921282541738,-0.8655584339662619,-0.47663345407719115,-0.6167897769354785,-0.5696556763126213,-0.6523116425424663,-0.6331246445038963,-0.7228005882903022,-0.7111614134483978,-0.6138494595004199,2.272786012664225,3.3439917763277887,-1.0016103949703303,2.481393678553656,1
0.30202451427890026,0.9496265016506593,-0.5049042188915199,0.25433629672884706,-0.7492646497860942,1.954607515968337,-0.5703387406378819,-0.8655584339662619,-0.49512080708478295,-0.4774684175836788,-0.503599257378811,1.9380204438534643,-0.574497889827996,1.7712478098456286,-0.755825130631534,-0.693092016413592,-0.7330049249867486,-0.6814013642495683,-0.8890136286300575,0.4732731917990882,2
-0.709532476828102,-0.6806487948225023,-0.5705478923048218,-0.7229946765382942,-0.6802150523000983,-0.7839603850901647,1.9299724072163966,-0.73247436888469,-0.40486665412133604,0.7825194053580405,-0.41402811595849986,-0.5797338607741955,-0.5568846781731469,0.8321364952384241,-0.4943161417079718,0.6447495368703174,-0.6988694761322775,-0.29776159557647774,1.7661328329911308,2.8072117824425966,4
-0.6696551498591583,0.5682962106896496,-0.6147707213793782,1.372200869307639,-0.6634801131214799,-0.13834021964086343,0.20246822973642628,-0.6710193003928684,-0.4897719632457843,-0.55627284308114,-0.5631037754313966,1.496797338373109,-0.64117381316132,-0.6477569811642854,-0.709198368102961,-0.6759094288373764,0.7045644965862378,0.6003689698777501,-0.7654637410897789,-0.7623512597761002,3
1.6077785319450397,-0.6147325058894835,0.08615616691931549,-0.6087581375107275,1.5309960352692447,0.7182279532059654,-0.6522388648271868,1.896960505295418,1.3130218101447746,-0.603575955636404,-0.5574293326602905,-0.5868033081793262,-0.660418552848429,-0.7314182354744108,-0.016083588934320662,-0.5740339855458316,-0.677698271331478,-0.5790410705764828,-0.5690600179832382,-0.4046258100290379,1
-0.6462526079040706,0.13004047478275046,0.21049965974330637,-0.6721304436351444,-0.6161569707382185,-0.7840806995453303,-0.6329452663107294,0.5431077885566287,-0.480232388918127,1.4205265383459302,-0.5870671400906926,-0.6727981252041405,1.2155334487306424,-0.7573845228243862,-0.7183493416580642,3.013377164691432,-0.7028460847152259,0.7184794775642237,0.6060029255293369,-0.6040809972609402,3
0.755565494382356,-0.7745114655885701,0.6902816944035848,-0.6646385573875507,-0.7122285983367818,0.29016815743552876,-0.7230480263292792,-0.8460781403336951,-0.42869257515604287,-0.45738967370703776,-0.44443456245341917,-0.7291972441144765,2.4672246025005884,2.7275014996526252,3.4545959527823227,-0.7255388074325896,0.02064364516411051,0.9207249229954049,-0.9237009470182778,-0.7936370083466718,2
1.8200077730023512,0.5418897429650027,-0.5561488939595519,-0.7688887993087606,-0.7492646497860942,0.5175416620689202,0.6231218260730997,-0.8655584339662619,-0.4117817413321506,-0.5754545546773305,-0.4836040725795549,-0.5477677143090017,1.2730933573663228,1.4643996829827113,-0.5139161540257401,-0.6739053309269369,-0.7112378310915637,-0.6388355270590685,0.09737975217934308,0.3405998651005734,5
-0.655075959718592,-0.7216473902631951,-0.5718502872495016,-0.6804954354471305,-0.6801677045100166,-0.8006446934682809,-0.1967030647328938,-0.7390856342203422,-0.4219945104892223,-0.5936093683665937,-0.5116806721669719,-0.7291972441144765,-0.6304749707846693,-0.731815927147695,1.6271977358176495,-0.792985924402542,-0.819461240352308,-0.7815880759040154,1.0420843866020444,2.3324688673058804,4
2.0907886340773376,0.3932031360369436,-0.5758888486759727,2.3911336450942264,1.9631322970156657,0.29756204914937395,-0.6088307446794476,2.420490387312946,1.88692682996594,-0.5320576382630957,-0.41899314226055784,2.1833073080572114,-0.022568021313968598,-0.05535366085081236,0.03488618688078264,0.28524421058963784,-0.6216144215784355,1.5858215463304275,-0.7509722524589996,-0.7486098966943512,5
-0.6394163511551133,0.49746740388342187,3.6155750187042766,-0.5306543023901853,-0.669770557265932,2.0269685038563496,-0.5145617040346084,-0.6929010410462697,0.9572708006544618,0.6167467528354059,1.8977102814983373,-0.6447233587812041,-0.5510838717531776,1.633169174937033,-0.5758501007658634,1.0579849202327365,0.7244663396088385,0.02406506921728965,2.5357320297576225,2.626158714654385,4
-0.71737988125773,-0.5952422304934597,0.4551795789360113,1.530138420889185,-0.6348171896547457,0.38359863337599776,-0.6328438901043173,1.5783199124694967,1.6044053513876275,-0.19865567501306444,-0.5703250411844891,-0.7291972441144765,-0.619392122093879,-0.28671321191617505,1.4744437958277512,1.2992420492959904,-0.7107752509490631,0.29687511106363323,-0.21842273354650785,0.3219839418017648,3
-0.6942283547665248,2.36216515239117,-0.4789645240981144,0.6345584739629906,-0.7492646497860942,2.389939341236595,2.2565097696496568,-0.8655584339662619,-0.4032128526875813,3.889485599287403,-0.5021002998257849,-0.6305275701578178,-0.6861553001591295,-0.9673844719340303,1.5161911587043024,-0.7371789667338177,0.535880055395475,-0.7171731851438616,1.4806239737856484,0.19207329026838088,2
1.7302776441219958,0.13913389937190784,0.32980758254379666,-0.7688887993087606,-0.7492646497860942,1.4215314408554207,-0.7230480263292792,1.639434803490784,0.5780235949178538,-0.574780541805129,1.4828150040003123,0.304445870303125,0.9223817864715422,1.1329826157685927,1.6375991690564329,-0.6505169281130802,-0.7058859488624774,-0.6550732710242225,-0.20867816108112747,-0.054613053938637336,5
-0.6192876754327455,-0.6398812261598156,-0.6011719412156185,-0.6472721387483676,-0.656032660489388,-0.7304458816435069,-0.6810502801493287,-0.7015869883878169,-0.4679685239594447,-0.6090874998465657,-0.5321999082963856,-0.6433496510448167,-0.6745679311935958,-0.7435842439829747,-0.6153609757675378,-0.6842350764334296,-0.663099944519485,-0.09062885039627724,-0.5717345966533341,-0.13960939109018375,5
-0.5378421119944456,2.0643802800209077,0.7969590413303443,1.9756520441867618,1.6191716949390285,-0.753539278452143,-0.627025760793358,0.49242421732345265,-0.4646657035818049,-0.583976890295693,-0.5087018229681761,0.7563591659040363,-0.5930675798630254,-0.7291712956185159,-0.6145930393312531,-0.537891941320464,-0.819461240352308,2.013046290718134,-0.5842962358375102,-0.6276363467435089,5
1.6578813525332095,-0.7669610952551904,0.6843986834256351,0.609368146081241,-0.6260911264558873,-1.0256099923289537,1.3707799045764348,1.9897044909543655,-0.4543776895894057,-0.5333343219949609,-0.46357735983593285,-0.61712647846395,-0.5973142615531833,-0.6228325749533855,-0.518352230294211,-0.73778723653177,0.5236024905584631,-0.707219406114495,-0.9532793539028461,-0.8241566886664939,1
-0.6209685650495493,-0.6133901821421535,-0.6174074073673733,-0.6391973129500204,-0.6486270522123913,-0.7220692447842019,-0.6930740625399402,-0.6925899902037682,-0.4555516039654681,-0.6018852176239028,-0.5286160928004652,-0.6342629374621438,-0.678011431754133,-0.7340247098567422,-0.6077777031235394,-0.6687102229525128,-0.6541498283888811,-0.02984663925000128,0.8279458726204051,0.4099323109122417,5
-0.6755788777113502,-0.19110228614516217,-0.5769487909951979,-0.6914349187775994,-0.6390373012323142,0.5082718952977456,-0.6470609164103593,1.3483662199091973,-0.4582297673614174,-0.5620540088688168,-0.5098259549737189,-0.6287237746406334,-0.33077987060775177,-0.40959888537322187,-0.5967051089735096,1.1041299828153717,-0.6713745772435757,-0.567068655252309,-0.7710358542127175,0.28796147724478954,4
2.0537754327990223,0.5176525615886838,-0.5533284382353977,-0.7688887993087606,2.034180065746149,0.48661336217225637,0.5961414934607526,-0.8655584339662619,-0.29678439485539054,-0.5076868858182472,-0.4494622101510824,-0.7291972441144765,1.259468241793508,1.4729586597460564,2.02501093613829,-0.6603713897881925,0.6517444754619347,-0.6200983394376258,0.07896169252023581,0.31047687599874796,5
-0.71737988125773,3.093231502794528,0.11608670425448409,-0.7688887993087606,-0.7492646497860942,0.9886572325819608,-0.565371610138957,0.42893559160937605,-0.48389497299868434,0.7673801011979181,-0.5433069224644034,0.4282892097026351,-0.5484282776734213,0.7816332138713279,-0.6311409945732086,-0.792985924402542,-0.819461240352308,-0.7815880759040154,-0.4447971692783728,1.5854032607788657,1
1.1877894753673093,-0.7015711685309384,-0.5876782283817975,0.7027167603683779,1.1248470486994628,0.5219824288096281,-0.6222567995808146,-0.8655584339662619,-0.5099388046402954,-0.5888496816484189,0.041611691483175,-0.6860215219209148,-0.22554376460785577,-0.42730709798990113,-0.02148187175048344,-0.792985924402542,0.6279538740069481,-0.7815880759040154,-0.7010186257768047,0.4631507208281388,3
-0.5982285776850087,-0.6193498180979862,0.33423218391993564,-0.5778624107877317,-0.6805101353361394,0.38518596909782915,-0.641647269358984,0.4395415663080865,-0.4468616771606598,-0.6629984209019298,0.3237513565597851,0.18034841244590466,-0.632909971230695,-0.04885291103919883,-0.694052506042067,-0.792985924402542,1.487429386711015,-0.7815880759040154,-0.3286669429173413,0.3095676855400778,2
0.48676447694490615,-0.6990153689119756,0.8701536866069344,-0.6294190988141283,0.41114576702851807,0.5493271385944577,1.4820607464790465,-0.7168667502042094,2.1593319195352514,-0.502279224036796,1.7755436646329668,1.9694921861029988,-0.5827688825086833,-0.15434263501248813,0.9510567153158092,0.49245252850363386,2.0310462225230355,-0.7815880759040154,-0.8880259872715808,-0.7822091837541484,1
-0.5493112825238807,-0.5945442409322796,-0.484506798353648,-0.5274847836473943,1.8081504689953378,0.7363042197595472,0.6072657102758419,0.41271694116052565,-0.5072837943162677,-0.6104729347987257,-0.5649892205339976,-0.7291972441144765,-0.6300166860261925,0.3517587955546259,-0.755825130631534,-0.5731408014459811,-0.5188049976477079,-0.5646690809662774,1.2298765500351594,1.3031663529781532,2
1.7409690069972108,3.1174188859602676,0.0299211490273946,-0.7688887993087606,1.5649991868731863,2.338275033506681,-0.5668622568672529,-0.8655584339662619,0.8594132488453253,-0.617589758377639,-0.5295636399503679,0.6325581216749615,0.7763718723035969,0.8805846199840133,-0.6258098742865505,-0.792985924402542,-0.819461240352308,-0.7815880759040154,-0.44360474178441683,1.6064859771258644,1
3.854769375807724,-0.45105833008860957,-0.36956405607915027,-0.33147670396438167,-0.4099233992239261,-0.5991446574719737,-0.5015309817008858,-0.3624403938161496,-0.5384909790358092,-0.7550238912717857,-0.6221989083288173,-0.7291972441144765,2.715142406021018,3.186636748499274,-0.755825130631534,-0.5308113743113991,-0.5635298472931634,-0.5352274802283957,2.6458512713739033,2.7222372408280857,1
-0.6208161342228797,-0.6094072649643437,-0.5762233508549399,-0.6341738406169638,-0.6295081988381338,-0.6785793080803757,-0.674928843363582,-0.6829486338682869,-0.4519489601808628,-0.5832957427895511,-0.5129638471126466,-0.624287179178441,-0.6703198312419221,-0.6999321757021831,-0.5904561384545979,-0.6778364128027998,-0.6507410500541883,0.10702835674647469,-0.41353407905000966,-0.6947765069454379,5
0.4790352645846355,-0.7788343764676087,-0.49023783235465135,2.0127959769403456,-0.7492646497860942,0.638350138559754,1.8805124284913612,0.5064895779636711,-0.4101169552390116,-0.5036184594710744,-0.4848266598665407,-0.7291972441144765,3.4517317971724397,-0.9673844719340303,-0.755825130631534,-0.7342128532460853,0.4520148171099338,-0.73015576172597,1.2135717182058785,0.100001148761062,2
1.379603011722235,-0.7288504471200532,-0.596983640204178,0.3637386596320158,-0.5734002178016688,-0.8077552056244057,-0.6458636585118327,0.3959658282085908,1.7130796657125922,-0.5259638059345638,-0.5590504240889583,0.0899393644775636,0.014614620607116956,-0.0731956672650015,-0.6814706611075618,-0.011396759981841727,0.2718375227651774,0.27597392876079446,-0.7631932474301127,-0.7455462471854684,3
3.9023984926136714,-0.36535246115725567,-0.40802637416508086,-0.26733355938208886,3.628207127286043,-0.43917729770628877,-0.5434441635940886,-0.3218022766589015,-0.5384909790358092,2.9254876242709598,-0.6221989083288173,4.1802248448362045,-0.5297709138204967,3.1752711342581725,-0.755825130631534,-0.6258956084672553,-0.5848146506148059,-0.585180271541969,-0.7567114478863481,-0.6834092362522685,1
-0.6718484133675192,-0.33955729966991993,-0.28078171126474866,-0.6940027404862628,-0.6840246372173605,-0.775534290161825,0.691209401215671,-0.7442622777945077,-0.48255810783533926,1.433436718673767,-0.5850140769708376,-0.6718562819090214,2.4498646812772367,0.3827186798645396,-0.7124304996996409,1.0120311975220293,-0.7184712032248458,-0.13549126772100073,0.975467118929754,2.543825004716419,3
0.38749951773738633,-0.7808745975431457,0.572875773134041,-0.6697212768544658,1.9486113676728933,-1.0256099923289537,1.9807008167055855,-0.8655584339662619,-0.5384909790358092,1.7922199560289838,-0.6221989083288173,2.282532323398577,-0.5795043727956989,1.8167457536019944,-0.755825130631534,-0.7442022035715246,-0.7872578259555947,-0.7690060314779462,-0.019173807568809223,0.06107101408796095,1
-0.71737988125773,0.4378075624845131,-0.5724117853587478,2.3868610343915826,2.8724704890182218,-0.7786312513809849,0.5648079116017237,0.5526182108187565,-0.3811805880930691,-0.4935088567485924,-0.4451820527603307,0.2796222739493625,-0.6112344955648082,-0.550409434158295,-0.40383817839468567,-0.6458041702319186,-0.819461240352308,0.6427216519910226,-0.7416143395947598,-0.7246605068085514,4
1.200988575576145,-0.7226261026103848,-0.5811469880699159,0.4429183724030004,0.048106105671710274,-0.7820631649879124,-0.6183959835883202,-0.7175637825203464,-0.4183826326652027,-0.5032605203226079,-0.467208906763674,1.3098319517069428,-0.030225096899317027,-0.7513377889188435,0.6410329091905668,-0.1937305973098991,-0.62713032485482,-0.5218007000312276,-0.7333598017236265,-0.7096488072791328,4
-0.567565070712444,-0.6916984755721367,-0.5866016404883885,0.41756742700730437,1.4610622273764962,-0.822825927017939,-0.6500827837167468,0.7065321521014893,-0.44478012140904244,-0.7550238912717857,1.676939716655661,1.6754750252154877,0.504046615097597,0.48621484211405935,-0.755825130631534,-0.6017493096750216,-0.43521125003963373,1.1842471359090816,-0.9722287613392651,1.2392720294062167,1
-0.5414894396045508,-0.04337196474014253,-0.2780351762230188,1.6291464788088463,-0.5447865516713238,3.7933756266422107,3.4807987834976166,2.081543918151228,0.8204069952859042,-0.6281848460234826,-0.5318036212936897,1.9260548584482289,0.307723803739448,0.26065411935412025,0.6435575880143521,3.1072369832863918,1.431835401654919,4.121531588452557,2.78240425066743,2.6790551182251945,1
-0.7173692068721603,-0.903726928282638,-0.6866737247803151,-0.768868353613495,-0.7492550988328471,-1.0255694816617855,-0.7225238870055366,-0.8655383410106298,-0.5384818157740315,-0.7545177382088505,-0.6221843639654945,-0.7291872642795103,-0.6861553001591295,-0.9668252696341694,-0.7558083422756858,-0.792985924402542,-0.8188829655504265,-0.7815880759040154,-1.0016103949703303,-0.8900761285095175,2
0.2535890640624709,0.3188889745991784,0.34635352485022736,-0.6609875311910055,-0.6875278815084329,-0.769156846669519,-0.6192370730965069,-0.7596035284974563,-0.47597107911855724,0.8316399942549365,0.3785699386844948,-0.6714804581255959,1.44823166418022,-0.7191633565802168,-0.707142723066568,-0.40737935463833386,-0.7251071620246317,-0.554829027982876,0.8683066330368422,0.5277582814271425,3
-0.6074579066683878,0.7434744718986461,-0.561806147958437,2.161029167451626,-0.6480010416166446,0.0993911618522749,-0.10598475915903775,-0.6427396518489898,-0.4586413951880933,-0.4953757771837222,-0.44397575369408837,-0.6408509289776593,-0.6300847225406798,-0.5743569682756043,-0.5241873793100311,-0.6746834782901157,0.917120854950049,-0.6541215582848161,-0.8344328711905529,-0.7388766396192676,1
-0.5734430857551348,1.93273572489011,-0.6872487529962765,-0.5318484650052486,-0.6069149969738282,-1.0256099923289537,0.5638971006676258,2.14956611354126,0.7237351513815469,-0.6255538174914521,-0.5322449176713914,-0.583284562639457,-0.6553962023037508,-0.770425517526825,0.5952679362528815,-0.4319454963549795,3.8843217406430366,-0.3984991271856972,-1.0016103949703303,2.3827108810847513,1
0.42035619678409025,1.5071380425504406,4.298918915694485,1.9291856202104325,-0.5717397858495562,-1.0256099923289537,-0.7230480263292792,1.7465582257922247,-0.47650830213595385,1.7782366956433335,-0.5657134589057504,-0.6825958096675581,2.738579265348997,0.363294634814344,-0.7132430684535646,3.411718201611959,-0.6801024803629692,0.6269463551293641,-0.37743941837843803,-0.5034419982734037,3
-0.639934111645585,-0.6676077368650539,-0.5595546426613637,-0.6513341076407013,-0.6819157929781555,-0.7603950232142062,0.6630009302858455,-0.7224542722059492,-0.491795111906814,0.553284293814862,-0.5653473497361521,-0.6726818533754457,-0.6861553001591295,0.4639697333752178,-0.6640080005264659,-0.792985924402542,-0.7023799294222475,0.6229527486919815,0.1875607118319944,-0.8900761285095175,3
-0.6797731046601464,0.5309706300221004,-0.6872487529962765,-0.5917050589086293,-0.6699980938528678,0.4446310102495201,3.1211028128414315,-0.7123395219736067,-0.447000230012989,0.37492056987028494,-0.5160790797577534,-0.6485018561008433,0.37216280784936295,1.6448427812136681,-0.6123927493168044,-0.6164867720765409,0.6056702802923509,-0.1529556653514488,2.4815440364921684,0.8944259228030735,4
-0.6333163516069114,0.6914155490161417,-0.5777848811611485,-0.7136786528759944,2.332852298290952,-0.7924721360441649,-0.6410545039244173,1.4836666079059713,-0.5384909790358092,0.37572202406206856,0.6642301434063091,-0.7291972441144765,0.31585506693727333,-0.7790629788051501,0.658185242858956,1.597878863078619,-0.5922145535747313,-0.4968949852606312,-0.7802098806340888,0.158145670274402,4
-0.71737988125773,-0.9043225085021582,-0.6872487529962765,-0.7688887993087606,1.8017700630384366,2.1595460697880404,-0.7230480263292792,-0.5544231413914076,-0.4731235073202579,2.3967543010278103,-0.5031392436811454,-0.6470610698072555,3.4043993303987214,1.7850719184825758,0.704729590640239,-0.792985924402542,-0.819461240352308,-0.7815880759040154,-1.0016103949703303,-0.8900761285095175,4
-0.6138959216724642,0.6118604020995032,4.075831377458108,-0.7056825249073193,-0.6638026234394254,2.392317386100538,3.618508664647941,-0.7091774216280554,-0.36509169785913687,-0.7550238912717857,1.638746311051619,-0.5920025583896317,-0.6861553001591295,-0.9673844719340303,1.5943797475716521,-0.792985924402542,-0.31214375211370815,1.2256855329862515,-1.0016103949703303,-0.8900761285095175,4
-0.7129215327596937,-0.694270897565833,-0.5701775747306348,-0.718154877562929,-0.6791142363845495,-0.7849991636619286,1.948172757910108,-0.7288604989969758,-0.4113563026915224,0.783005359424365,-0.41487969483560855,-0.5764532059788476,-0.5550166322979575,0.8568469815451706,-0.4945016943400256,0.7605572757466977,-0.6867993786441976,-0.2348807962538382,1.7718359643821477,2.8093127525428234,4
1.760560771445157,0.49022723525270534,-0.5272704620971672,-0.6594142730080715,1.619627963036279,0.21781532225191796,0.28303819720433265,-0.7480900486898993,-0.4352501745619743,-0.541331201396954,-0.5461457138580581,1.882714116980564,-0.5622598931654648,-0.6876227848728288,-0.6403647075971125,-0.6450286024795345,2.421289411137705,0.7129492639922985,-0.6667250288771999,-0.7228181078588035,5
-0.6154295522285402,-0.619979801382989,-0.6180256091975532,-0.6350975856575813,-0.6404722148493411,-0.7198059247486193,-0.6924586336419762,-0.6943790813438724,-0.4554091182610171,-0.6064694425852425,-0.5249321633251472,-0.6343811965597549,-0.6811283683717579,-0.73842008637181,-0.6023505003620606,-0.6625380620329493,-0.6470777646305342,-0.04076067757556427,0.8175109339403086,0.41445212826685174,5
2.175341723114118,-0.6870646332692515,-0.5371548784741432,0.6311430249220034,2.563109246780452,0.3366396515147343,0.6532118062675476,2.0982073660713505,-0.5384909790358092,-0.46441974326855767,1.977318949513031,1.8738868802161193,1.2638347802144054,1.56435488278746,-0.6367164750787238,-0.6205878103387427,0.6203417337191949,-0.6520793351632402,0.0961611878616443,0.3715332332396356,5
-0.5575432059169316,-0.698043237217115,-0.5169069713478509,0.8201337870723927,-0.5881438985872346,0.39714136404600464,0.5180905085374602,2.194888096614058,-0.5384909790358092,1.442228406728057,-0.6221989083288173,-0.5372849397905939,1.3051600652094324,-0.9673844719340303,2.1915693719089795,-0.6052232967594812,-0.7340481598781912,-0.6641647821601161,0.08296936814616014,0.045059862512137054,1
-0.6808937661533444,-0.6103705084727042,-0.5648666762131441,-0.7482539172121483,-0.6768429660962835,-0.72255848551796,1.5521321337089284,-0.7270534335896585,-0.3714487035484739,-0.39258574880696945,0.1816496814921697,0.7007013258843695,-0.5440774685888191,1.5217010985113044,-0.6255794228087718,1.32168878938291,-0.6231264450190271,0.1500040828712582,0.22719101431026426,-0.8900761285095175,4
-0.603686564954731,-0.6781901095499877,-0.5488026316987606,0.29577229858876875,-0.6712185091247688,0.06858753420759964,0.008427755550672811,-0.6971931140778643,-0.463113213745728,-0.5482909870654492,-0.5072335144083964,-0.6513811281294516,-0.6188903753276097,-0.5827720148354675,-0.5990534216750348,-0.679879306026619,-0.6695525277888443,0.18644558925365268,-0.19400057289190167,-0.20425572686933838,1
-0.4681852779818335,-0.7663520584756114,-0.529330044279425,-0.6039264140127932,-0.561773979965994,0.4216469352801995,-0.566495525222522,-0.7111232801647592,-0.48350448398965323,0.17532966431799377,-0.6058590254668815,-0.6899391031961297,-0.5550853163992235,0.1307633572488667,-0.7200095597642969,0.17636904284295124,0.03575530441459264,-0.6520878409796335,-0.13792324309491566,-0.7142613473437381,2
2.3372425699077968,0.4977327389937755,-0.5707837175118033,-0.7688887993087606,-0.7492646497860942,-0.7768628582997271,-0.6309321304239892,0.6564691653592852,-0.4173560257415648,-0.07649444496602689,-0.49043786203320117,-0.494932034734415,-0.6002839995118837,0.3025414876543256,1.7104926604950301,0.39242698486400535,-0.6353628602143913,1.5486049041588863,-0.728435337794028,-0.7552687409775588,5
2.2802342394412123,-0.5579885925517856,0.1205498100116437,-0.0011372901170117304,-0.7492646497860942,-0.031322567492554555,-0.633933403420454,1.866303040965481,-0.38297202441170775,-0.5845218737212566,-0.47465397900275696,-0.7291972441144765,-0.2442901007181521,-0.25093224626231214,1.7991851574779247,-0.016538890281562555,-0.6314845275179071,-0.5192980593876475,-0.18765985317516212,-0.7257688551091727,5
-0.71737988125773,-0.686658742489085,-0.5695609043947284,0.5413002437588819,1.4576495557337086,-0.7724100940876666,0.14971079353657968,0.4165870883131446,-0.3867948460108632,-0.5109217570668095,-0.45645966701109375,-0.51199586252979,-0.6211638985429401,-0.6128429262909689,-0.48237186344342575,-0.6247842905374567,-0.6511597246741883,0.10862589443079657,-0.7677560241356307,-0.7464331605355602,4
1.800668909827618,0.5880139953960629,-0.5556523736717632,-0.7688887993087606,-0.5196762481221114,0.15807799645004733,0.6620306936805647,-0.5961737517070533,-0.3582565833882712,-0.5644005845705613,-0.47673686845858193,-0.5378216150051423,1.2461325047934122,1.43711682238151,-0.5196821201628249,-0.6526951294331463,0.7144725391873923,-0.6255098628612216,0.13243000079600029,0.3646046090887389,5
1.2151627241197245,1.3773681153460402,0.35404873458649927,-0.7688887993087606,-0.49912491059635566,-0.844260042361011,-0.6392539438049447,-0.8311073754068042,-0.46242110023631305,-0.6496972057656325,0.49833743156921184,-0.6836594351498605,-0.6173451030346578,0.14789665898069052,0.49200133868061396,0.1673528797834073,-0.6442415519599481,-0.6626748476981751,-0.17053273259431267,-0.705462333265489,2
-0.5467636732543858,-0.5507377049611399,0.1443747120310951,-0.5845247501791279,-0.4865629204156587,-0.1267565288164426,-0.6328787217987024,-0.6238426645597068,0.9159105882342,-0.16745216567982346,1.368972274127305,-0.669791332041319,-0.6043172689440841,-0.7753164755980935,-0.6933015948279624,-0.5905634994545274,0.026821138602793088,-0.5997900770280208,-0.3824292520995077,-0.2940077791268321,3
1.161487019265698,0.02195551343320408,-0.5753365736915623,-0.7052546186872909,1.4982858369854353,-0.7645035408032849,-0.6109531624927225,0.407557094115535,-0.2655993797349295,-0.5039078912064368,-0.4171400556150336,1.7053189904097221,-0.11856141169001404,-0.7514206828636636,0.44012514270335307,0.9384660365045698,-0.6740068338269718,-0.5782719533867455,-0.7235121901302605,0.22218457691905405,4
-0.6482448053121871,-0.6968308667300358,-0.57533898263038,0.0823582149857252,0.04278281489401807,-0.7632919508791615,0.07531356083124133,-0.7161260926309291,-0.4221308738753602,-0.5093044194884151,-0.4685388403914643,-0.5839665437965632,-0.6492462564278063,-0.607900437727031,-0.5474678069514288,-0.1767212132180974,-0.638651314376847,-0.5347445229573302,-0.696035888477122,-0.7563369896701017,4
-0.664922300343447,2.142063702498818,-0.4021818427030106,0.7621222855227215,0.6055119634794806,0.26914453028487895,0.29812262894298625,-0.7375899594275035,-0.49495269705724493,-0.6366642146393869,-0.5935193769843764,-0.7046823201922127,-0.5881122498027863,-0.7640852970782782,-0.7450251473179879,1.861400717798853,0.5057927394393028,-0.3759211548702455,1.0346508846725464,3.3154574000575363,3
-0.6762346568525102,-0.6356714097678864,-0.5715237207118461,-0.7458538503098711,-0.6773287088544268,-0.7373681113041871,1.577075270026354,-0.7242082125975355,-0.37564604770220034,-0.40107285710237783,0.22494739432101316,2.1537317101644433,-0.5419654125103349,1.5252036579930326,0.8024136647229727,1.3182014521075949,-0.6327464391901173,0.1565956024471908,0.2046445626694512,-0.8900761285095175,4
-0.71737988125773,-0.32150498915019987,-0.4225195812121563,1.435482989308473,-0.6687251671033692,1.4808728351939056,0.6434168983915605,0.14900390032270838,-0.4752670195733678,-0.6081813926126649,-0.5916562455053505,-0.6608530575752245,-0.6160373954343319,-0.1148276350376364,0.20505254747892995,0.0021033036062964748,-0.7283962014330001,1.275462340175329,-0.5222022525572655,0.26471559631367614,5
1.9840240725403266,0.7846712204969228,-0.5687190770969622,-0.7688887993087606,0.7476284009683489,-0.7945024222570973,-0.6338761585245111,-0.7199990717293268,-0.4534121954213925,-0.6144840586955251,-0.5292805556949167,-0.4989689952459046,-0.6117192627568441,0.5344860299449156,2.302698099581627,-0.5564128045912373,-0.5739701294065886,-0.5721249330516442,0.2076844625083648,-0.46005779428644217,5
-0.6326947579144988,0.7204557852068298,-0.6872487529962765,-0.6448119444680812,0.21767023299565225,0.5806585192665249,1.8037247132126084,-0.7136609435606496,-0.4662783400781912,0.10996612473989437,-0.5461846600034606,-0.6860348335502234,-0.575993551919084,0.14128537686747542,-0.6319407837096956,1.0904452134507223,0.8158127819890975,1.3632116146479516,2.416301842303414,2.507441175883911,3
-0.5406347118639295,0.3958580193279822,-0.6169628695051929,2.116660793392115,1.8271497863553434,-0.8451554122192949,-0.6154731075449892,0.4421531323305595,-0.4875399431905154,-0.6163229070001799,-0.5753538307931796,1.972005258586377,-0.6636888449026623,-0.7878237549679948,0.5447361473924766,1.2145411061156732,0.829128774262604,1.9421132810450146,-0.7949384561093403,-0.11076041826288337,3
1.3079797742797494,0.25262600645873035,-0.5755559586359693,-0.6535061388906969,1.7182141892565967,-0.7861909060246256,0.16177635702807533,0.7841421604244692,-0.38458507581059626,-0.5431627297132738,-0.44322349244518416,1.2263135869901733,-0.6259024537638552,-0.6007686188238822,-0.41953228969058415,-0.6300892739795544,-0.6594137149040231,0.12384334880305162,-0.7484367711198617,-0.7501330348687272,4
-0.6622644528931698,0.3186606675938881,0.4495593313101526,-0.7320801855902584,-0.6738274611800977,-0.7996006932074111,-0.6254756083151646,-0.7345561599396907,-0.4274889989687058,-0.7550238912717857,1.7054901597987016,0.6680785832320094,0.46943392867585826,-0.7749066897036957,-0.6376727413756971,1.52190509228776,-0.7035062643994016,0.44567690492028167,1.0250052794273963,-0.8900761285095175,4
1.907397977679615,-0.699423347260349,-0.575213465679717,0.5711536326397026,0.7691374406874912,-0.7845293743328121,-0.6199751243633228,-0.7379428696237027,2.2323256794631243,-0.7550238912717857,-0.6221989083288173,0.5691534169527472,0.4313077354132087,0.39737849908813955,-0.755825130631534,0.5733376257885909,-0.819461240352308,-0.7815880759040154,0.0659392963228052,0.36025960653858136,5
-0.7173671848505764,-0.9037110298681138,-0.6872487529962765,-0.768868636459122,-0.7492508233707864,-1.0249834451177997,-0.7230480263292792,-0.8655343812201792,-0.5384780492678312,-0.754517058872153,-0.6221834643225822,-0.729183439761568,-0.6861553001591295,-0.9668217038220565,-0.7558037790536731,-0.792985924402542,-0.8188716653135304,-0.7815880759040154,-1.0016103949703303,-0.8900761285095175,2
-0.6351022651730921,0.5221782689453771,0.759582261521483,-0.6538598167186934,-0.7492646497860942,-0.7662988759950661,-0.6084103826317818,0.6003555545705056,-0.4770952960279914,0.4807002858265812,-0.5664853982847403,-0.670868789156759,0.4655510769304726,-0.7326087489420017,-0.6968220576060513,1.2284055880788995,-0.694628641991356,0.17764434078766825,-1.0016103949703303,-0.8900761285095175,3
-0.6517676100521677,0.5703834680644597,0.8895195638625669,-0.7358783887084404,1.7248721895866288,-0.6299804521928373,-0.6158456370321008,0.5734435410427922,-0.460927072959379,-0.08674738451169646,-0.5642725698926622,-0.6532482121748783,-0.16617536624173468,-0.6757110090200692,-0.6889985655987229,-0.792985924402542,0.6624296297652045,-0.7815880759040154,-1.0016103949703303,-0.8900761285095175,5
-0.6720983073777053,0.5993750803929372,-0.5940185188073861,2.059770507380985,-0.6195539863448678,-0.7988875227553824,-0.6534165361334339,0.7489583716726415,-0.3565485556390106,0.5816083159831594,1.8636657898505755,2.1469884408671587,-0.6461256352922802,-0.7885103163740494,0.9125907249558508,-0.5666205794793694,-0.670237730259565,-0.5618204755795716,-0.7895854072225101,-0.0034184597903522923,4
-0.6424801127480821,-0.9043225085021582,0.893124538343448,0.7017432173798224,1.7117994512557808,-0.7830566843293681,-0.6326516088081745,0.6868657802777656,-0.476881630972888,1.4126756593202432,-0.5874571610595819,-0.6765381092311952,1.2103336232746733,-0.7556189126335148,-0.715457537050606,3.001931679274496,-0.6980326123890072,0.7303108125668913,2.473317201359324,-0.6113301007563735,3
-0.676155938128956,-0.8019811150860141,0.11298768344056695,-0.6841246207604934,-0.7020438108025124,-0.26439863354994764,-0.6369879627542805,-0.7254907392481506,-0.5198194924629858,-0.6728348185245075,-0.5731219799438,-0.6855256693299855,-0.6415276393243946,-0.7972246885763447,-0.13703317913464083,1.0836936890829791,-0.7572264896209188,-0.7310136247856298,0.7857541262090145,-0.8900761285095175,2
-0.6985949054174831,-0.13911201269571524,-0.58622394658864,-0.6812738713427481,-0.6075761363776261,-0.7738937124629888,-0.6294689318082982,-0.03662323343662776,-0.4365394439724079,-0.5608556738122602,-0.49790746296776583,-0.5891090644448165,-0.23612644020540333,0.3193610035890279,1.3776832586803225,-0.1577821172260358,-0.6431809647847427,-0.5830157220138983,-0.7781843743811706,-0.7796040531597948,4
1.1653264785900177,-0.717864009995655,-0.5747619801670766,0.4099785698316462,0.022733144617793508,-0.7792535571998207,0.4149405494542006,-0.7174961072503954,-0.42195726812795803,-0.4962151854263872,-0.4707782078527897,1.3154520694807732,1.0244309478518616,-0.9673844719340303,-0.755825130631534,1.0940657459717615,1.396025384800042,1.3673345777203416,-0.7209873666650142,0.3055387708054014,4
-0.6492194592257547,-0.562917177807529,-0.573083195292513,-0.7606703564592331,-0.6610815416809611,-0.6602870840326056,0.8239245311311296,-0.7065731331890279,-0.4054985063326405,3.2131166268467437,1.5839596307747366,0.762126060518323,2.9100722213066645,0.454684612702448,-0.6102439087210839,-0.792985924402542,0.09960373742142684,1.650557516610121,0.3392886383065736,-0.8900761285095175,4
1.0496486369398008,0.28749860834737717,0.47441857548550825,0.4044340580327935,-0.7492646497860942,-1.0256099923289537,1.2820760372114524,-0.8655584339662619,-0.5384909790358092,-0.4078003549344833,1.7745824449242442,-0.7291972441144765,-0.609158629292445,1.0973511360476542,-0.755825130631534,-0.6257559075709477,1.666543668440077,0.3353511056007659,-0.15679483996571417,-0.1744026018811475,5
-0.6594888580580388,0.3334310203367159,0.47305620605091137,-0.7399926380615496,-0.6766974912564574,-0.7777106322298516,-0.6234525276958784,-0.7308414993545084,-0.4212789065198363,3.4700164295579725,1.7244782190653287,0.7002804257560417,1.9646469072911208,-0.7645982513129072,-0.6243724294621248,-0.792985924402542,0.6703033221491801,-0.7815880759040154,1.0630473782863024,-0.8900761285095175,4
-0.5955381080362923,-0.5424094950748461,0.13239206700320874,-0.5998610990389575,-0.42202664752731006,0.34861650072792694,-0.6334468911635442,1.4898345058061078,0.8686493231114115,-0.18534385016389476,1.3189907747861542,-0.6698861466589973,-0.6143795623225514,-0.7675947854118885,-0.7080868555857104,-0.5792843842987212,-0.6562016732680497,-0.5771014374227978,-0.42512668211723664,-0.27441730562364935,3
-0.5599576578773613,-0.7402532412498658,-0.5873609898843754,0.5195762772109022,-0.5647189566345404,0.28103946446645817,0.1276502580914503,-0.635824610382895,-0.43959509788035517,-0.47498472293283595,-0.4738345563350917,-0.603996854276667,-0.6064501486171651,-0.5395619097922926,-0.5503842942384579,-0.7146067421735622,0.5459849386174837,-0.6915321485767323,-0.9469297354343982,-0.8233930129295591,1
0.26029254860731926,0.31014021495664273,-0.5756962775085213,-0.7411218714894986,0.7615942375832343,-0.7747442823594152,0.15917942972820462,0.6679096876719037,-0.37493612237232454,-0.5116474718592404,-0.43386432006294423,0.9626261438388872,-0.6140274821574108,-0.5953085808329855,-0.43385541799145483,-0.6172383554992412,-0.641682159785016,0.14225402718997812,-0.7717640394206575,-0.7504425560044677,4
-0.5755909749064121,0.5043917685351276,0.6858242087631781,1.7842780530637505,-0.608190286508155,1.621408643321879,1.2697500537705197,-0.6422100827172674,-0.42026536313415863,-0.5242766387324764,-0.44531932976187333,-0.5686758439858159,-0.6401326659168965,-0.6027738053207007,-0.5171449289377565,-0.6466759776182462,0.5617341934528378,-0.6728049535198477,-0.3750454205816181,-0.3538426457881036,1
-0.5302214279012617,-0.6814164426778948,-0.5753253338095631,0.2584245585240356,-0.558346474529118,-0.7865608832164059,-0.6301109616210278,0.12323250044945057,-0.39442510727762903,-0.365248624440472,-0.4846495121308506,-0.5883785472344538,0.2478462056021818,0.31976374928156975,1.6214774642149992,0.41974430578496846,1.6488390230909267,-0.7815880759040154,-0.723375155257265,-0.7467856562967824,5
-0.71737988125773,0.7537549586269512,0.7774253366956075,0.8608202272420172,1.4002827310332298,-0.7964258256917517,-0.6296955654435652,0.6846678932309815,-0.41664906514661876,-0.7550238912717857,1.5944706973850602,1.6051267252708818,0.4761480073195318,-0.7717836578213662,0.8111108138622821,0.848749613542483,-0.5686870782852669,-0.5595511399511692,0.2858392189121096,1.3872004715803699,4
2.1237400137873945,-0.9043225085021582,0.7327411208903786,2.4282137201998335,-0.6834220561690262,0.368058161221722,-0.5337010915350681,-0.6869088068098851,-0.4788401975440942,-0.7291075636192956,-0.6027797255688058,-0.7291972441144765,-0.6209530329798333,-0.8392197199258052,1.077743756693804,1.5820120088074827,-0.7146038104318118,-0.7036402128391241,0.30368099271209065,0.4074264897742279,2
-0.6973432259008924,-0.7370237260866528,-0.5877101620567995,-0.6105144935284975,-0.6792182572118959,-0.8126017305755693,-0.14063082561326168,-0.7371886731934884,-0.4433743665227409,-0.5936826055756432,-0.49052696703716625,0.07184165443734905,-0.6275819019273702,-0.349269912359276,-0.6449449258429045,-0.792985924402542,0.8779028893229648,-0.7815880759040154,1.0525967515274177,2.316319484461127,4
-0.6354975415693243,3.357538330348051,3.4667844530232603,0.5483345393581012,0.25646522659108606,0.2774705609858553,1.4921505689804258,-0.690736502464495,-0.47584230105189496,0.21955500371354722,-0.5189973683889226,-0.6588372366292837,-0.5654939945872969,0.1786050726146608,-0.5983495584904591,-0.792985924402542,0.5573358013949055,-0.7815880759040154,2.2370173138378577,-0.8900761285095175,1
-0.5393012187239732,1.6307734921838166,-0.3818761448420844,-0.5079228531055534,-0.5835353214815359,1.4114295071288812,3.9448894894715747,-0.6916300482695618,-0.4397780395825281,0.6039927729459695,-0.5062550056933074,-0.6431196768508164,-0.6861553001591295,0.5240211614145011,-0.5497636888201408,3.593732175048109,2.020902443837772,1.8890746728438241,-0.2945343111881751,-0.5060559005513072,3
1.8914260688601963,-0.9043225085021582,-0.6872487529962765,-0.7688887993087606,-0.659418801322317,-1.0256099923289537,0.5428963460865511,1.803709493181048,0.42667665987570047,-0.6529134679778502,-0.5205648993375863,-0.6391675208136598,-0.6508956906610529,-0.803816215484793,0.282621730995076,-0.792985924402542,-0.6925970557195086,1.8417094182068876,-1.0016103949703303,-0.8900761285095175,2
-0.6271381420647528,0.6655165122065797,-0.6872487529962765,-0.6415784151176698,0.6017997264526274,0.5522906849525585,-0.7230480263292792,-0.7181854386084681,-0.4593958014260927,1.9244239082728263,-0.5803549142395994,-0.6522528148922967,2.9833708326065524,0.4614578600918368,-0.7132153177955716,-0.792985924402542,-0.69512502340148,0.7205500975514938,-1.0016103949703303,-0.8900761285095175,3
-0.5973533342645806,0.5746878746220275,-0.5850565453866811,1.395689250712346,-0.13241799184199726,-0.7716336112910039,-0.6312144843843098,-0.7225324228519764,-0.3572852908203987,-0.5729533083600215,-0.12310877232608587,-0.6920303478835027,-0.20392345785310045,-0.40636180352173545,-0.030042222031256057,-0.3155818516195239,-0.061378242069877686,-0.6136158462443654,-0.69004045076806,-0.7453485992435334,3
-0.26691108083018056,-0.5996038555056168,-0.5799399724393706,-0.1544269468295374,-0.6796035343923894,-0.7084122048568848,1.5474368500467433,-0.726751532609703,-0.4069465202571258,0.48801931547296135,-0.37406289382206553,-0.6522452737699458,-0.6128539471488924,2.8135113964351337,0.7356648662781168,1.2021263561578839,0.6657692754935979,-0.26350995654075576,1.174338213937065,2.433518151337352,4
